model,parameters,training_time,accuracy,precision,recall,f1,tss,tn,fp,fn,tp
RF,rs=2|n_est=50|depth=5,1.434504,0.8519281719163968,0.848943661971831,0.9702213279678068,0.9055399061032864,0.49982659112570155,483,429,74,2411
RF,rs=2|n_est=50|depth=10,2.78602,0.858698851928172,0.8586762075134168,0.96579476861167,0.9090909090909091,0.5326807335239507,517,395,85,2400
RF,rs=2|n_est=50|depth=20,3.604916,0.8642920223726818,0.8696128560993426,0.958148893360161,0.9117365498755504,0.5667015249391083,555,357,104,2381
RF,rs=2|n_est=50|depth=None,3.495271,0.8634088901972329,0.8727406860936924,0.952112676056338,0.9107005388760585,0.5738232023721275,567,345,119,2366
RF,rs=2|n_est=100|depth=5,3.407555,0.8513394171327642,0.8476123595505618,0.9714285714285714,0.9053065816613538,0.4955513784461153,478,434,71,2414
RF,rs=2|n_est=100|depth=10,4.782519,0.8569325875772741,0.8565822333214413,0.9661971830985916,0.9080937972768532,0.5254077094143811,510,402,84,2401
RF,rs=2|n_est=100|depth=20,7.377163,0.8657639093317633,0.8693119767018566,0.9609657947686117,0.9128440366972477,0.5673254438914187,553,359,97,2388
RF,rs=2|n_est=100|depth=None,8.402999,0.8631145128054165,0.8696925329428989,0.9561368209255533,0.9108683151236343,0.5657859437325709,556,356,109,2376
RF,rs=2|n_est=1000|depth=5,24.963925,0.8513394171327642,0.8476123595505618,0.9714285714285714,0.9053065816613538,0.4955513784461153,478,434,71,2414
RF,rs=2|n_est=1000|depth=10,42.584082,0.8601707388872535,0.8581610833927299,0.9690140845070423,0.9102249102249103,0.5326105757351125,514,398,77,2408
RF,rs=2|n_est=1000|depth=20,57.638768,0.865469531939947,0.8692643845593591,0.9605633802816902,0.9126362072261518,0.5669230294044972,553,359,98,2387
RF,rs=2|n_est=1000|depth=None,65.404686,0.8639976449808655,0.8692953632712669,0.958148893360161,0.9115620214395099,0.5656050337110381,554,358,104,2381
RF,rs=4|n_est=50|depth=5,1.662246,0.8519281719163968,0.8474754558204769,0.972635814889336,0.9057522952969833,0.4956621306788097,477,435,68,2417
RF,rs=4|n_est=50|depth=10,2.40786,0.858698851928172,0.8579078900392717,0.9670020120724346,0.9091940976163451,0.5305985033005047,514,398,82,2403
RF,rs=4|n_est=50|depth=20,3.270074,0.8604651162790697,0.8684499816782705,0.9537223340040242,0.9090909090909091,0.5600819831268312,553,359,115,2370
RF,rs=4|n_est=50|depth=None,3.806166,0.8642920223726818,0.8701536210680322,0.9573440643863179,0.9116689020885227,0.5680896784214056,557,355,106,2379
RF,rs=4|n_est=100|depth=5,2.581186,0.8516337945245805,0.8471784086926043,0.972635814889336,0.9055826152116898,0.49456563945073956,476,436,68,2417
RF,rs=4|n_est=100|depth=10,5.601335,0.858698851928172,0.8576525151623261,0.9674044265593561,0.9092284417549168,0.5299044265593561,513,399,81,2404
RF,rs=4|n_est=100|depth=20,8.32218,0.8642920223726818,0.8696128560993426,0.958148893360161,0.9117365498755504,0.5667015249391083,555,357,104,2381
RF,rs=4|n_est=100|depth=None,7.502901,0.8639976449808655,0.8687568355814801,0.958953722334004,0.9116296863045141,0.5642168802287408,552,360,102,2383
RF,rs=4|n_est=1000|depth=5,24.78796,0.8519281719163968,0.847719298245614,0.9722334004024145,0.9057169634489222,0.49635620741995834,478,434,69,2416
RF,rs=4|n_est=1000|depth=10,41.783145,0.8601707388872535,0.858416547788873,0.9686116700201207,0.9101909623747401,0.533304652476261,515,397,78,2407
RF,rs=4|n_est=1000|depth=20,59.75178,0.8669414188990285,0.8703096539162113,0.9613682092555332,0.9135755258126195,0.5710173320625508,556,356,96,2389
RF,rs=4|n_est=1000|depth=None,65.639965,0.8666470415072123,0.8699927166788055,0.9613682092555332,0.9134008793729689,0.5699208408344806,555,357,96,2389
RF,rs=8|n_est=50|depth=5,1.358229,0.8522225493082132,0.8485061511423551,0.9714285714285714,0.9058161350844278,0.4988408521303258,481,431,71,2414
RF,rs=8|n_est=50|depth=10,2.34324,0.8607594936708861,0.859542530378842,0.9678068410462777,0.910467537384062,0.5368857884146987,519,393,80,2405
RF,rs=8|n_est=50|depth=20,4.511223,0.8639976449808655,0.8703771512266569,0.9565392354124749,0.9114263803680982,0.5683813406756328,558,354,108,2377
RF,rs=8|n_est=50|depth=None,3.75776,0.8625257580217839,0.8712288447387785,0.9529175050301811,0.9102440899481069,0.5691455752056197,562,350,117,2368
RF,rs=8|n_est=100|depth=5,2.718769,0.8510450397409479,0.8478031634446397,0.9706237424547284,0.9050656660412758,0.4958430407003424,479,433,73,2412
RF,rs=8|n_est=100|depth=10,4.588383,0.8595819841036209,0.8578047042052744,0.9686116700201207,0.9098469098469099,0.5311116700201207,513,399,78,2407
RF,rs=8|n_est=100|depth=20,7.371029,0.8645863997644981,0.8707433174661297,0.9569416498993963,0.9118098159509203,0.5698802463906244,559,353,107,2378
RF,rs=8|n_est=100|depth=None,7.32696,0.8645863997644981,0.8718325376423063,0.9553319919517103,0.9116743471582182,0.572656553355219,563,349,111,2374
RF,rs=8|n_est=1000|depth=5,28.565069,0.8507506623491315,0.8467741935483871,0.971830985915493,0.9050028105677347,0.4926643192488263,475,437,70,2415
RF,rs=8|n_est=1000|depth=10,47.617218,0.8601707388872535,0.858416547788873,0.9686116700201207,0.9101909623747401,0.533304652476261,515,397,78,2407
RF,rs=8|n_est=1000|depth=20,58.276961,0.865469531939947,0.8692643845593591,0.9605633802816902,0.9126362072261518,0.5669230294044972,553,359,98,2387
RF,rs=8|n_est=1000|depth=None,60.751802,0.865469531939947,0.8703433162892622,0.958953722334004,0.9125023932605782,0.5696993363690916,557,355,102,2383
RF,rs=16|n_est=50|depth=5,1.529517,0.8504562849573153,0.8467204489652753,0.9714285714285714,0.9047976011994003,0.49226190476190473,475,437,71,2414
RF,rs=16|n_est=50|depth=10,2.65716,0.8601707388872535,0.858416547788873,0.9686116700201207,0.9101909623747401,0.533304652476261,515,397,78,2407
RF,rs=16|n_est=50|depth=20,3.919249,0.8642920223726818,0.8704245973645681,0.9569416498993963,0.9116350392946138,0.5687837551625543,558,354,107,2378
RF,rs=16|n_est=50|depth=None,4.233626,0.8625257580217839,0.8709558823529412,0.9533199195171026,0.9102785782901057,0.5684514984644711,561,351,116,2369
RF,rs=16|n_est=100|depth=5,3.334566,0.8519281719163968,0.8479634831460674,0.971830985915493,0.9056816051003188,0.497050284161107,479,433,70,2415
RF,rs=16|n_est=100|depth=10,4.790449,0.8604651162790697,0.858978936094252,0.9682092555331991,0.9103291713961408,0.5350952204454799,517,395,79,2406
RF,rs=16|n_est=100|depth=20,7.215225,0.865469531939947,0.8703433162892622,0.958953722334004,0.9125023932605782,0.5696993363690916,557,355,102,2383
RF,rs=16|n_est=100|depth=None,7.835623,0.861642625846335,0.868912486268766,0.9549295774647887,0.9098926380368099,0.5623857178156659,554,358,112,2373
RF,rs=16|n_est=1000|depth=5,29.016449,0.8519281719163968,0.8474754558204769,0.972635814889336,0.9057522952969833,0.4956621306788097,477,435,68,2417
RF,rs=16|n_est=1000|depth=10,41.328102,0.8598763614954371,0.8581105169340464,0.9686116700201207,0.9100189035916825,0.5322081612481908,514,398,78,2407
RF,rs=16|n_est=1000|depth=20,57.933147,0.8669414188990285,0.8695019992729917,0.9625754527162977,0.9136745607333843,0.5689351018391048,553,359,93,2392
RF,rs=16|n_est=1000|depth=None,65.153518,0.865469531939947,0.8692643845593591,0.9605633802816902,0.9126362072261518,0.5669230294044972,553,359,98,2387
RF,rs=32|n_est=50|depth=5,1.825524,0.8516337945245805,0.8474219572079972,0.9722334004024145,0.9055472263868066,0.49525971619188813,477,435,69,2416
RF,rs=32|n_est=50|depth=10,2.537368,0.8601707388872535,0.858416547788873,0.9686116700201207,0.9101909623747401,0.533304652476261,515,397,78,2407
RF,rs=32|n_est=50|depth=20,3.867164,0.8628201354136003,0.8685651697699891,0.9573440643863179,0.9107963246554365,0.5626072222810548,552,360,106,2379
RF,rs=32|n_est=50|depth=None,3.770835,0.861642625846335,0.8708133971291866,0.952112676056338,0.9096501345636294,0.5672442550037065,561,351,119,2366
RF,rs=32|n_est=100|depth=5,3.152255,0.8519281719163968,0.847719298245614,0.9722334004024145,0.9057169634489222,0.49635620741995834,478,434,69,2416
RF,rs=32|n_est=100|depth=10,5.262327,0.8625257580217839,0.860614724803431,0.9690140845070423,0.9116032557259133,0.5413825055596739,522,390,77,2408
RF,rs=32|n_est=100|depth=20,7.65667,0.8634088901972329,0.8670541227751544,0.9605633802816902,0.9114165712103857,0.5592475908080059,546,366,98,2387
RF,rs=32|n_est=100|depth=None,7.146552,0.8619370032381513,0.8689604685212299,0.9553319919517103,0.9101015909526547,0.5627881323025874,554,358,111,2374
RF,rs=32|n_est=1000|depth=5,29.843366,0.8516337945245805,0.8474219572079972,0.9722334004024145,0.9055472263868066,0.49525971619188813,477,435,69,2416
RF,rs=32|n_est=1000|depth=10,47.808309,0.8613482484545187,0.859129814550642,0.9694164989939638,0.9109472490073738,0.5363024639062445,517,395,76,2409
RF,rs=32|n_est=1000|depth=20,63.316057,0.865469531939947,0.8692643845593591,0.9605633802816902,0.9126362072261518,0.5669230294044972,553,359,98,2387
RF,rs=32|n_est=1000|depth=None,65.571012,0.8657639093317633,0.8701203940167822,0.959758551307847,0.912743972445465,0.5694076741148646,556,356,100,2385
FCNN,rs=2|alpha=0|dropout=0.1,4.194271,0.8557550780100088,0.8633879781420765,0.9537223340040242,0.9063097514340345,0.5425381234777085,537,375,115,2370
FCNN,rs=2|alpha=0|dropout=0.3,8.361568,0.8575213423609067,0.8615829418142392,0.9593561368209256,0.9078446306169079,0.5393999964700484,529,383,101,2384
FCNN,rs=2|alpha=0|dropout=0.5,7.503813,0.8495731527818664,0.8448637316561844,0.9730382293762575,0.9044323919955115,0.4861961241130996,468,444,67,2418
FCNN,rs=2|alpha=0|dropout=0.7,11.352268,0.8525169267000294,0.8492957746478873,0.9706237424547284,0.9059154929577464,0.5013254968406933,484,428,73,2412
FCNN,rs=2|alpha=0.01|dropout=0.1,7.158311,0.8569325875772741,0.8620065193770373,0.9577464788732394,0.9073579870377431,0.5399833209785025,531,381,105,2380
FCNN,rs=2|alpha=0.01|dropout=0.3,8.499583,0.857815719752723,0.8616329479768786,0.959758551307847,0.9080525414049114,0.5398024109569699,529,383,100,2385
FCNN,rs=2|alpha=0.01|dropout=0.5,7.564508,0.8495731527818664,0.8443824145150035,0.9738430583501007,0.9045038310596151,0.4848079706308024,466,446,65,2420
FCNN,rs=2|alpha=0.01|dropout=0.7,10.58427,0.8519281719163968,0.8491895701198027,0.9698189134808853,0.9055044148036822,0.5005206678668502,484,428,75,2410
FCNN,rs=2|alpha=0.1|dropout=0.1,11.354263,0.8569325875772741,0.8560741004631279,0.9670020120724346,0.9081632653061225,0.5240195559320837,508,404,82,2403
FCNN,rs=2|alpha=0.1|dropout=0.3,9.225753,0.8545775684427436,0.8541444325862683,0.9661971830985916,0.9067220543806647,0.5166357795898197,502,410,84,2401
FCNN,rs=2|alpha=0.1|dropout=0.5,11.610967,0.8542831910509273,0.8528368794326241,0.9678068410462777,0.9066918001885014,0.5127629813971548,497,415,80,2405
FCNN,rs=2|alpha=0.1|dropout=0.7,9.326738,0.8489843979982338,0.8466947960618847,0.9690140845070423,0.903734284105836,0.4909439090684458,476,436,77,2408
FCNN,rs=4|alpha=0|dropout=0.1,9.930705,0.8557550780100088,0.8690344062153164,0.9452716297786721,0.9055512721665382,0.55711373504183,558,354,136,2349
FCNN,rs=4|alpha=0|dropout=0.3,9.340161,0.8613482484545187,0.8653846153846154,0.959758551307847,0.9101316542644533,0.5529603056938119,541,371,100,2385
FCNN,rs=4|alpha=0|dropout=0.5,11.990493,0.8557550780100088,0.8568872987477638,0.9637826961770624,0.9071969696969697,0.5251862049489922,512,400,90,2395
FCNN,rs=4|alpha=0|dropout=0.7,11.248734,0.8525169267000294,0.85177304964539,0.9665995975855131,0.9055607917059378,0.5082662642521798,494,418,83,2402
FCNN,rs=4|alpha=0.01|dropout=0.1,7.659364,0.8604651162790697,0.8689908256880734,0.9529175050301811,0.909021113243762,0.5614701366091285,555,357,117,2368
FCNN,rs=4|alpha=0.01|dropout=0.3,9.889681,0.8551663232263762,0.8512513218188227,0.971830985915493,0.9075535512965051,0.5091116876698789,490,422,70,2415
FCNN,rs=4|alpha=0.01|dropout=0.5,11.187286,0.8551663232263762,0.8565295169946333,0.9633802816901409,0.9068181818181819,0.5236872992340005,511,401,91,2394
FCNN,rs=4|alpha=0.01|dropout=0.7,11.765544,0.8531056814836621,0.851380042462845,0.9682092555331991,0.9060440594991527,0.5076829397437255,492,420,79,2406
FCNN,rs=4|alpha=0.1|dropout=0.1,9.188106,0.8601707388872535,0.8620317002881844,0.9629778672032193,0.9097129823227523,0.5430217268523421,529,383,92,2393
FCNN,rs=4|alpha=0.1|dropout=0.3,9.10793,0.8566382101854577,0.8609104046242775,0.958953722334004,0.9072910717685132,0.5368045995269864,527,385,102,2383
FCNN,rs=4|alpha=0.1|dropout=0.5,12.267351,0.8557550780100088,0.8576550735030477,0.9625754527162977,0.90709139173303,0.5272684351724382,515,397,93,2392
FCNN,rs=4|alpha=0.1|dropout=0.7,11.498504,0.8513394171327642,0.8488372093023255,0.9694164989939638,0.9051286868307346,0.4990217621518585,483,429,76,2409
FCNN,rs=8|alpha=0|dropout=0.1,3.652496,0.8572269649690903,0.8597122302158273,0.9617706237424547,0.9078822412155746,0.5341390447950862,522,390,95,2390
FCNN,rs=8|alpha=0|dropout=0.3,12.040747,0.8625257580217839,0.8687865497076024,0.9565392354124749,0.9105535338057843,0.5628988845352819,553,359,108,2377
FCNN,rs=8|alpha=0|dropout=0.5,12.098249,0.8557550780100088,0.8566321058276725,0.9641851106639839,0.9072321090496024,0.5244921282078436,511,401,89,2396
FCNN,rs=8|alpha=0|dropout=0.7,11.691098,0.8522225493082132,0.8517204682511529,0.9661971830985916,0.9053544494720965,0.5078638497652583,494,418,84,2401
FCNN,rs=8|alpha=0.01|dropout=0.1,4.113945,0.857815719752723,0.8603311735061195,0.9617706237424547,0.9082272468174045,0.5363320272512266,524,388,95,2390
FCNN,rs=8|alpha=0.01|dropout=0.3,11.414516,0.861642625846335,0.8654334421472615,0.9601609657947686,0.910339565051507,0.5533627201807335,541,371,99,2386
FCNN,rs=8|alpha=0.01|dropout=0.5,11.369754,0.8545775684427436,0.8549019607843137,0.964989939637827,0.9066162570888469,0.5187180098132655,505,407,87,2398
FCNN,rs=8|alpha=0.01|dropout=0.7,11.380487,0.8504562849573153,0.8521553259707874,0.9625754527162977,0.9040060468631897,0.5075315930671749,497,415,93,2392
FCNN,rs=8|alpha=0.1|dropout=0.1,6.810743,0.8584044745363556,0.8617328519855596,0.9605633802816902,0.9084681255946717,0.540607239930813,529,383,98,2387
FCNN,rs=8|alpha=0.1|dropout=0.3,7.017027,0.8554607006181926,0.859408795962509,0.9593561368209256,0.9066362426316791,0.5317245578735572,522,390,101,2384
FCNN,rs=8|alpha=0.1|dropout=0.5,11.502787,0.8510450397409479,0.8507621410847217,0.96579476861167,0.9046362608367885,0.5041719615941261,491,421,85,2400
FCNN,rs=8|alpha=0.1|dropout=0.7,11.347029,0.8498675301736827,0.8478337442761535,0.9686116700201207,0.9042073628850489,0.49492745949380496,480,432,78,2407
FCNN,rs=16|alpha=0|dropout=0.1,7.663029,0.8589932293199882,0.8641975308641975,0.9577464788732394,0.9085703378507348,0.5476587595749938,538,374,105,2380
FCNN,rs=16|alpha=0|dropout=0.3,8.26681,0.8557550780100088,0.8579117330462863,0.9621730382293763,0.9070561456752656,0.5279625119135868,516,396,94,2391
FCNN,rs=16|alpha=0|dropout=0.5,12.612594,0.8536944362672947,0.854493580599144,0.9641851106639839,0.9060313858952543,0.5168166896113524,504,408,89,2396
FCNN,rs=16|alpha=0|dropout=0.7,13.076044,0.8478068884309685,0.8477031802120142,0.9653923541247484,0.9027281279397931,0.49280463482650283,481,431,86,2399
FCNN,rs=16|alpha=0.01|dropout=0.1,5.92636,0.8554607006181926,0.8665441176470589,0.9484909456740442,0.9056676272814601,0.5504646298845706,549,363,128,2357
FCNN,rs=16|alpha=0.01|dropout=0.3,9.420448,0.8575213423609067,0.859504132231405,0.9625754527162977,0.9081245254365984,0.5338473825408592,521,391,93,2392
FCNN,rs=16|alpha=0.01|dropout=0.5,13.59097,0.8542831910509273,0.8548502139800286,0.9645875251509054,0.9064095292115711,0.518315595326344,505,407,88,2397
FCNN,rs=16|alpha=0.01|dropout=0.7,11.365197,0.8472181336473359,0.8458831808585503,0.9674044265593561,0.9025718040172706,0.48714126866461926,474,438,81,2404
FCNN,rs=16|alpha=0.1|dropout=0.1,9.413769,0.8566382101854577,0.8648648648648649,0.9529175050301811,0.90675856787287,0.5472157506442162,542,370,117,2368
FCNN,rs=16|alpha=0.1|dropout=0.3,9.795126,0.8569325875772741,0.8568368439842913,0.96579476861167,0.9080590238365494,0.5261017861555297,511,401,85,2400
FCNN,rs=16|alpha=0.1|dropout=0.5,13.384129,0.8534000588754783,0.8541889483065954,0.9641851106639839,0.90586011342155,0.5157201983832822,503,409,89,2396
FCNN,rs=16|alpha=0.1|dropout=0.7,11.045975,0.8489843979982338,0.8464511595221363,0.9694164989939638,0.9037703995498031,0.4902498323272971,475,437,76,2409
FCNN,rs=32|alpha=0|dropout=0.1,8.303323,0.8581100971445393,0.8601222581805106,0.9625754527162977,0.9084694265096848,0.5360403649969995,523,389,93,2392
FCNN,rs=32|alpha=0|dropout=0.3,9.194079,0.8592876067118045,0.8616216216216216,0.9621730382293763,0.9091254752851711,0.5411204066504289,528,384,94,2391
FCNN,rs=32|alpha=0|dropout=0.5,9.343986,0.8542831910509273,0.8530872959545777,0.9674044265593561,0.9066566094663399,0.5134570581383034,498,414,81,2404
FCNN,rs=32|alpha=0|dropout=0.7,11.992059,0.8507506623491315,0.8489767113620325,0.9682092555331991,0.9046813310772701,0.49891100991916404,484,428,79,2406
FCNN,rs=32|alpha=0.01|dropout=0.1,8.455936,0.8554607006181926,0.8542999289267946,0.9674044265593561,0.907341007737309,0.5178430230505842,502,410,81,2404
FCNN,rs=32|alpha=0.01|dropout=0.3,9.425509,0.8563438327936415,0.8567345480528761,0.964989939637827,0.9076457229371688,0.5252969571816866,511,401,87,2398
FCNN,rs=32|alpha=0.01|dropout=0.5,9.266678,0.8551663232263762,0.8542481336651262,0.9670020120724346,0.9071347678369196,0.5174406085636627,502,410,82,2403
FCNN,rs=32|alpha=0.01|dropout=0.7,11.471406,0.8504562849573153,0.848185980979218,0.9690140845070423,0.9045830202854996,0.4964263652087967,481,431,77,2408
FCNN,rs=32|alpha=0.1|dropout=0.1,9.621853,0.8595819841036209,0.8588277340957827,0.9670020120724346,0.909710391822828,0.5338879769847154,517,395,82,2403
FCNN,rs=32|alpha=0.1|dropout=0.3,9.398859,0.8560494554018251,0.8564285714285714,0.964989939637827,0.9074739829706717,0.5242004659536165,510,402,87,2398
FCNN,rs=32|alpha=0.1|dropout=0.5,9.532379,0.8522225493082132,0.850229600847757,0.9686116700201207,0.9055680963130173,0.5036993893183663,488,424,78,2407
FCNN,rs=32|alpha=0.1|dropout=0.7,13.383102,0.8507506623491315,0.8460461861441567,0.9730382293762575,0.9051094890510949,0.4905820890253803,472,440,67,2418
SVM,rs=2|kernel=rbf|C=0.1,38.780953,0.8266117162201942,0.8239917976760082,0.9702213279678068,0.8911476621696544,0.4055283455116665,397,515,74,2411
SVM,rs=2|kernel=rbf|C=1,40.795715,0.84927877539005,0.8448095071653268,0.972635814889336,0.9042274597830153,0.4857937096261781,468,444,68,2417
SVM,rs=2|kernel=rbf|C=100,64.483567,0.8651751545481307,0.868143843080276,0.9617706237424547,0.9125620465826652,0.563744307952981,549,363,95,2390
SVM,rs=2|kernel=rbf|C=1000,178.735378,0.8351486605828672,0.8661087866108786,0.9162977867203219,0.8904966757919437,0.5303328744396202,560,352,208,2277
SVM,rs=2|kernel=poly|C=0.1,32.283628,0.8277892257874595,0.8231292517006803,0.9738430583501007,0.8921658986175115,0.40366761975360943,392,520,65,2420
SVM,rs=2|kernel=poly|C=1,38.129567,0.8383868118928466,0.8331039229181005,0.9742454728370221,0.8981636060100167,0.442447227222987,427,485,64,2421
SVM,rs=2|kernel=poly|C=100,134.531035,0.8592876067118045,0.8574991093694335,0.9686116700201207,0.9096749811035525,0.5300151787920506,512,400,78,2407
SVM,rs=2|kernel=poly|C=1000,660.636182,0.8563438327936415,0.8598198198198198,0.9601609657947686,0.9072243346007605,0.5336258780754704,523,389,99,2386
SVM,rs=2|kernel=sigmoid|C=0.1,46.245959,0.7324109508389756,0.8066147859922179,0.83420523138833,0.8201780415430268,0.2892490910374529,415,497,412,2073
SVM,rs=2|kernel=sigmoid|C=1,38.948764,0.7097438916691198,0.8004008016032064,0.8036217303822938,0.802008032128514,0.25756909880334644,414,498,488,1997
SVM,rs=2|kernel=sigmoid|C=100,28.057547,0.707094495142773,0.7996781979082864,0.8,0.7998390665862,0.2539473684210527,414,498,497,1988
SVM,rs=2|kernel=sigmoid|C=1000,34.104872,0.707094495142773,0.7996781979082864,0.8,0.7998390665862,0.2539473684210527,414,498,497,1988
SVM,rs=4|kernel=rbf|C=0.1,32.136005,0.8266117162201942,0.8239917976760082,0.9702213279678068,0.8911476621696544,0.4055283455116665,397,515,74,2411
SVM,rs=4|kernel=rbf|C=1,35.042522,0.84927877539005,0.8448095071653268,0.972635814889336,0.9042274597830153,0.4857937096261781,468,444,68,2417
SVM,rs=4|kernel=rbf|C=100,57.386403,0.8651751545481307,0.868143843080276,0.9617706237424547,0.9125620465826652,0.563744307952981,549,363,95,2390
SVM,rs=4|kernel=rbf|C=1000,169.660028,0.8351486605828672,0.8661087866108786,0.9162977867203219,0.8904966757919437,0.5303328744396202,560,352,208,2277
SVM,rs=4|kernel=poly|C=0.1,28.103057,0.8277892257874595,0.8231292517006803,0.9738430583501007,0.8921658986175115,0.40366761975360943,392,520,65,2420
SVM,rs=4|kernel=poly|C=1,39.699874,0.8383868118928466,0.8331039229181005,0.9742454728370221,0.8981636060100167,0.442447227222987,427,485,64,2421
SVM,rs=4|kernel=poly|C=100,135.023043,0.8592876067118045,0.8574991093694335,0.9686116700201207,0.9096749811035525,0.5300151787920506,512,400,78,2407
SVM,rs=4|kernel=poly|C=1000,636.338232,0.8563438327936415,0.8598198198198198,0.9601609657947686,0.9072243346007605,0.5336258780754704,523,389,99,2386
SVM,rs=4|kernel=sigmoid|C=0.1,42.77891,0.7324109508389756,0.8066147859922179,0.83420523138833,0.8201780415430268,0.2892490910374529,415,497,412,2073
SVM,rs=4|kernel=sigmoid|C=1,38.997457,0.7097438916691198,0.8004008016032064,0.8036217303822938,0.802008032128514,0.25756909880334644,414,498,488,1997
SVM,rs=4|kernel=sigmoid|C=100,26.787426,0.707094495142773,0.7996781979082864,0.8,0.7998390665862,0.2539473684210527,414,498,497,1988
SVM,rs=4|kernel=sigmoid|C=1000,30.277742,0.707094495142773,0.7996781979082864,0.8,0.7998390665862,0.2539473684210527,414,498,497,1988
SVM,rs=8|kernel=rbf|C=0.1,36.649965,0.8266117162201942,0.8239917976760082,0.9702213279678068,0.8911476621696544,0.4055283455116665,397,515,74,2411
SVM,rs=8|kernel=rbf|C=1,39.382976,0.84927877539005,0.8448095071653268,0.972635814889336,0.9042274597830153,0.4857937096261781,468,444,68,2417
SVM,rs=8|kernel=rbf|C=100,57.109581,0.8651751545481307,0.868143843080276,0.9617706237424547,0.9125620465826652,0.563744307952981,549,363,95,2390
SVM,rs=8|kernel=rbf|C=1000,176.065692,0.8351486605828672,0.8661087866108786,0.9162977867203219,0.8904966757919437,0.5303328744396202,560,352,208,2277
SVM,rs=8|kernel=poly|C=0.1,34.23872,0.8277892257874595,0.8231292517006803,0.9738430583501007,0.8921658986175115,0.40366761975360943,392,520,65,2420
SVM,rs=8|kernel=poly|C=1,35.735928,0.8383868118928466,0.8331039229181005,0.9742454728370221,0.8981636060100167,0.442447227222987,427,485,64,2421
SVM,rs=8|kernel=poly|C=100,125.587527,0.8592876067118045,0.8574991093694335,0.9686116700201207,0.9096749811035525,0.5300151787920506,512,400,78,2407
SVM,rs=8|kernel=poly|C=1000,663.686256,0.8563438327936415,0.8598198198198198,0.9601609657947686,0.9072243346007605,0.5336258780754704,523,389,99,2386
SVM,rs=8|kernel=sigmoid|C=0.1,45.122345,0.7324109508389756,0.8066147859922179,0.83420523138833,0.8201780415430268,0.2892490910374529,415,497,412,2073
SVM,rs=8|kernel=sigmoid|C=1,32.112937,0.7097438916691198,0.8004008016032064,0.8036217303822938,0.802008032128514,0.25756909880334644,414,498,488,1997
SVM,rs=8|kernel=sigmoid|C=100,36.378111,0.707094495142773,0.7996781979082864,0.8,0.7998390665862,0.2539473684210527,414,498,497,1988
SVM,rs=8|kernel=sigmoid|C=1000,32.279176,0.707094495142773,0.7996781979082864,0.8,0.7998390665862,0.2539473684210527,414,498,497,1988
SVM,rs=16|kernel=rbf|C=0.1,31.47601,0.8266117162201942,0.8239917976760082,0.9702213279678068,0.8911476621696544,0.4055283455116665,397,515,74,2411
SVM,rs=16|kernel=rbf|C=1,34.069372,0.84927877539005,0.8448095071653268,0.972635814889336,0.9042274597830153,0.4857937096261781,468,444,68,2417
SVM,rs=16|kernel=rbf|C=100,64.003633,0.8651751545481307,0.868143843080276,0.9617706237424547,0.9125620465826652,0.563744307952981,549,363,95,2390
SVM,rs=16|kernel=rbf|C=1000,168.98131,0.8351486605828672,0.8661087866108786,0.9162977867203219,0.8904966757919437,0.5303328744396202,560,352,208,2277
SVM,rs=16|kernel=poly|C=0.1,34.164607,0.8277892257874595,0.8231292517006803,0.9738430583501007,0.8921658986175115,0.40366761975360943,392,520,65,2420
SVM,rs=16|kernel=poly|C=1,38.296715,0.8383868118928466,0.8331039229181005,0.9742454728370221,0.8981636060100167,0.442447227222987,427,485,64,2421
SVM,rs=16|kernel=poly|C=100,134.126814,0.8592876067118045,0.8574991093694335,0.9686116700201207,0.9096749811035525,0.5300151787920506,512,400,78,2407
SVM,rs=16|kernel=poly|C=1000,638.007427,0.8563438327936415,0.8598198198198198,0.9601609657947686,0.9072243346007605,0.5336258780754704,523,389,99,2386
SVM,rs=16|kernel=sigmoid|C=0.1,35.604845,0.7324109508389756,0.8066147859922179,0.83420523138833,0.8201780415430268,0.2892490910374529,415,497,412,2073
SVM,rs=16|kernel=sigmoid|C=1,35.870794,0.7097438916691198,0.8004008016032064,0.8036217303822938,0.802008032128514,0.25756909880334644,414,498,488,1997
SVM,rs=16|kernel=sigmoid|C=100,31.604171,0.707094495142773,0.7996781979082864,0.8,0.7998390665862,0.2539473684210527,414,498,497,1988
SVM,rs=16|kernel=sigmoid|C=1000,29.693136,0.707094495142773,0.7996781979082864,0.8,0.7998390665862,0.2539473684210527,414,498,497,1988
SVM,rs=32|kernel=rbf|C=0.1,31.76069,0.8266117162201942,0.8239917976760082,0.9702213279678068,0.8911476621696544,0.4055283455116665,397,515,74,2411
SVM,rs=32|kernel=rbf|C=1,30.804843,0.84927877539005,0.8448095071653268,0.972635814889336,0.9042274597830153,0.4857937096261781,468,444,68,2417
SVM,rs=32|kernel=rbf|C=100,56.414547,0.8651751545481307,0.868143843080276,0.9617706237424547,0.9125620465826652,0.563744307952981,549,363,95,2390
SVM,rs=32|kernel=rbf|C=1000,173.232404,0.8351486605828672,0.8661087866108786,0.9162977867203219,0.8904966757919437,0.5303328744396202,560,352,208,2277
SVM,rs=32|kernel=poly|C=0.1,33.827763,0.8277892257874595,0.8231292517006803,0.9738430583501007,0.8921658986175115,0.40366761975360943,392,520,65,2420
SVM,rs=32|kernel=poly|C=1,33.232911,0.8383868118928466,0.8331039229181005,0.9742454728370221,0.8981636060100167,0.442447227222987,427,485,64,2421
SVM,rs=32|kernel=poly|C=100,138.867209,0.8592876067118045,0.8574991093694335,0.9686116700201207,0.9096749811035525,0.5300151787920506,512,400,78,2407
SVM,rs=32|kernel=poly|C=1000,673.476364,0.8563438327936415,0.8598198198198198,0.9601609657947686,0.9072243346007605,0.5336258780754704,523,389,99,2386
SVM,rs=32|kernel=sigmoid|C=0.1,41.162383,0.7324109508389756,0.8066147859922179,0.83420523138833,0.8201780415430268,0.2892490910374529,415,497,412,2073
SVM,rs=32|kernel=sigmoid|C=1,29.490989,0.7097438916691198,0.8004008016032064,0.8036217303822938,0.802008032128514,0.25756909880334644,414,498,488,1997
SVM,rs=32|kernel=sigmoid|C=100,39.599284,0.707094495142773,0.7996781979082864,0.8,0.7998390665862,0.2539473684210527,414,498,497,1988
SVM,rs=32|kernel=sigmoid|C=1000,30.293504,0.707094495142773,0.7996781979082864,0.8,0.7998390665862,0.2539473684210527,414,498,497,1988
