model,init,TOTUSJH,TOTPOT,TOTUSJZ,ABSNJZH,SAVNCPP,USFLUX,MEANPOT,R_VALUE,MEANSHR,MEANGAM,MEANGBT,MEANGBZ,MEANGBH,MEANJZD,MEANJZH,MEANALP
SHARP,2_50_5,0.13510190955106935,0.24053228608377214,0.25114132932016253,0.04563784134553961,0.055645083906040664,0.03909785150191022,0.029732163963566108,0.11501108806100424,0.013406438090910347,0.009990118302104237,0.016438868216492663,0.017728962718948714,0.014167158506224136,0.0034413830561856006,0.006131902160662133,0.006795615215407346
SHARP,2_50_10,0.10725784475779951,0.18007601715908422,0.19494243082461565,0.050106529914746255,0.058071161493173144,0.053285715955301016,0.04146065957815125,0.09851432579023832,0.02628776117458945,0.02633311186683214,0.03128982062388085,0.03019796490962073,0.0316874935698816,0.022005578132543405,0.023115886496476154,0.025367697753066222
SHARP,2_100_5,0.1717377522607531,0.1604597489717834,0.27331158563276786,0.049808737114021166,0.04903378320160863,0.05190908176488626,0.023912437647232783,0.13598340137503936,0.014570622201415053,0.007072954518194336,0.01356495572941795,0.01695602247090448,0.015819609030314555,0.0038328064830836185,0.006551736225980654,0.005474765372596759
SHARP,2_50_20,0.09419029002027553,0.14094676534455688,0.14916724081088847,0.057861210448765285,0.05942226874040882,0.054338394078749346,0.050316293172986276,0.08378029736878498,0.039477344412398314,0.03718360290243276,0.04008492682552347,0.04037953213131317,0.041971440802226374,0.03706354792553182,0.03671930853109182,0.03709753648406671
SHARP,4_50_5,0.1855707714549097,0.19350413967818064,0.23714072924897664,0.04620245759256467,0.0768173907819498,0.0767663511112346,0.022889292167751346,0.08080999973792351,0.00959052273322094,0.011528381799025164,0.015496989314189693,0.014521423465098483,0.015042010868112781,0.0022687060985925613,0.005052562680221434,0.006798271268047986
SHARP,2_50_None,0.09350185231742587,0.13660334687030778,0.14753233998838217,0.05534853459192064,0.0616418071345501,0.054166630325453,0.05065584965419072,0.08506123056657108,0.038843535362459325,0.03983911962784006,0.040058734907311815,0.04165474644487196,0.041803523752955575,0.038905115023957014,0.036409536459830236,0.037974096971972626
SHARP,8_50_5,0.16283283054555378,0.18691403469448664,0.21243493102424318,0.059076814063618026,0.07845969259144943,0.037454005283921364,0.026835578714758224,0.14420364035420943,0.01624864523778791,0.012126886072778181,0.012247061249253257,0.01618513877631273,0.020467040186902024,0.001982768910447193,0.006514746597442913,0.006016185696835767
SHARP,16_50_5,0.13329643404846325,0.15939931302740387,0.2722864895312819,0.03024164545698041,0.11185517608837539,0.06978316232302625,0.03187386258468284,0.10281398930286866,0.023226603867316776,0.005825201000586606,0.012991715560409088,0.015627436803196768,0.016818621198653967,0.0028912100928686815,0.004987777687753846,0.0060813614261317085
SHARP,4_50_10,0.15181267617376423,0.15258880078809256,0.18776509339031716,0.044842046780868644,0.0597134625638564,0.07184328051919982,0.038075802279772,0.08023288718864263,0.026473413476895104,0.02773919610888226,0.027680341144431502,0.03206754861321235,0.030619322437673454,0.021679600452105947,0.02303397788743976,0.023832550194846182
SHARP,32_50_5,0.1266073268838009,0.2063911185625155,0.22410607022056772,0.06372606623778693,0.07536479566318831,0.06154737419159442,0.027298176073034613,0.13817230367207783,0.015157335161717316,0.0053636863968028435,0.007375886433330314,0.01822201648198439,0.015934519160979373,0.001734613092176575,0.005197749665700313,0.007800962102742506
SHARP,4_100_5,0.2160164034348809,0.16673096690587802,0.23530842339348204,0.04012442515798379,0.09377725328871316,0.06219671538792194,0.02560956809050027,0.07824330590400826,0.008051626218775837,0.014224412381952843,0.013080193165952568,0.015657528289493777,0.01576302576394002,0.0030661989243807985,0.005569115856369482,0.006580837835766264
SHARP,8_50_10,0.12568261572647144,0.14343454829338398,0.17342042244349223,0.05768619598870872,0.0800678769411868,0.04665151260292082,0.03954632164681116,0.11860381170075865,0.02709687487944663,0.028289428723075806,0.028701068827150848,0.03080414011310674,0.03185791361117378,0.022767345773676603,0.022420029320161867,0.022969893408473954
SHARP,32_50_10,0.10800181238713363,0.1625209897140842,0.18088050129210123,0.052184153228529914,0.07801138872767134,0.05909498276888416,0.03843293994288684,0.11393514926566749,0.02763480877679418,0.021622579393851017,0.02534245185792547,0.03278363700616388,0.03026916152948774,0.02195873173791993,0.022986942079659334,0.02433977029123965
SHARP,8_100_5,0.18693289563896043,0.1452899362481489,0.19607011241024752,0.06554091733391529,0.07782745115432019,0.07141822099304691,0.027322505704486678,0.1323496097856728,0.02245095007798702,0.012985223206673132,0.011357296793990938,0.01656373330024625,0.018193279089961836,0.0026562584422473437,0.006680533843753959,0.006361075976340802
SHARP,8_50_20,0.10685155268575931,0.11986585671531005,0.13393020455775628,0.05991863348277901,0.06662835255514629,0.051151630515553784,0.04858626623729335,0.0998609266620281,0.03897454547428369,0.038825342747096155,0.040392658526343814,0.038830900327138526,0.04362630929277533,0.03820732107953174,0.036858879082403116,0.037490620058801445
SHARP,16_50_10,0.10849639828831444,0.1276372011805694,0.21220241986513555,0.04122777532364749,0.08952631288369221,0.06864595438530403,0.03865833786793122,0.09872030059035329,0.03380993832580863,0.023437378848979718,0.02793433550295594,0.032657242017344094,0.030483006505051605,0.021647989476458598,0.022034706760788794,0.02288070217766489
SHARP,16_100_5,0.19306670567839532,0.14343149727113252,0.23459149781439703,0.04184297139267767,0.08827803230046856,0.05621982956071207,0.020546306094931722,0.13074920550125826,0.026427508799971987,0.004725326517071669,0.013500136753285194,0.015200463655966188,0.016550086860451046,0.0034543510519039855,0.005134282495814846,0.006281798251561987
SHARP,4_50_None,0.10804917420135168,0.1215948432855406,0.14156567427333575,0.05283182366979971,0.06638126930881176,0.06797054396564599,0.0489610135283412,0.07746728121803298,0.03627228060350189,0.04134037881074941,0.042521454528492125,0.03998259080390045,0.04209820689789904,0.03789524381231379,0.037958912202944124,0.03710930888933943
SHARP,4_50_20,0.11249412074092194,0.12418992221093589,0.14345933873378292,0.05270640826125308,0.06745025950755706,0.06877847309044213,0.04735648183669364,0.07677116325970898,0.03521200590536502,0.03995522115853481,0.04003816965969872,0.03950034793991612,0.04212483787432728,0.03776917473498166,0.03788440699293484,0.03430966809294596
SHARP,32_100_5,0.14337162715828544,0.18323400380241017,0.21636209314327035,0.05713753321900593,0.08510102349910904,0.07085179407842802,0.02990414846827185,0.13560886304675898,0.012384076103978157,0.0061961739081475295,0.010568162115508354,0.018419050874197197,0.015830508332535107,0.002384552685895844,0.005692225387352613,0.006954164176845539
SHARP,8_50_None,0.10892789600854419,0.11770596908817643,0.1263346974355849,0.061034248332098875,0.06697577946599167,0.052953465437767085,0.049550705512128784,0.0971865139128514,0.03969813503501309,0.03781300718185851,0.03946437412854707,0.041907401462361576,0.044312696493475474,0.039379826207238317,0.038217762918203745,0.03853752138015895
SHARP,16_50_None,0.0962780167785719,0.10386009754157294,0.1543215279113609,0.04421376791304656,0.08318366510219928,0.0644864051563668,0.04899827338107873,0.08038102803648715,0.04528633061008877,0.038096556869181,0.03895585932711187,0.0436869374183921,0.04411823047660685,0.03861776889535153,0.03705616597082697,0.03845936861175672
SHARP,32_50_20,0.0939394383199744,0.12911844331916553,0.1341944209718825,0.057985961791156934,0.07424310073446518,0.061447643371316495,0.049846950583571095,0.0916934126048969,0.040900712511270754,0.03486074105958499,0.03745683520258096,0.04078054624193033,0.04392460207512972,0.037428614749089796,0.03645419971935219,0.03572437674463226
SHARP,16_50_20,0.09798154258470232,0.10605676789671299,0.16017124482605485,0.043084057383093545,0.08269025514531644,0.06500339856715243,0.047839489056618806,0.08138220104976913,0.04366007239556789,0.03584361079530778,0.039019967644551415,0.04229768697425162,0.043801784405496764,0.0370199874178839,0.03699276881320314,0.03715516504431696
SHARP,32_50_None,0.0917502770920039,0.12445072783666625,0.1347556001196094,0.059519307833951096,0.07331237826959862,0.06011114514596481,0.04974554680133661,0.0908515607044399,0.04233519520559358,0.03598587536187761,0.039191906419717475,0.04253382723703607,0.043634652367705876,0.038667095243218375,0.0367582681715328,0.03639663618974762
SHARP,8_100_10,0.1434569179086621,0.11796342712342592,0.15786454974054312,0.06353250453528295,0.07375735234718139,0.07109384726756798,0.03876000464727156,0.11245713746735932,0.03339452903446377,0.028029965010685238,0.028480853130836654,0.031058200350777394,0.03086349249669623,0.022474358614835172,0.022697409729676286,0.024115450594734994
SHARP,2_100_10,0.13850661647811247,0.12661654716073006,0.20634340360122033,0.052056095706473925,0.051001728185229155,0.05887431399963332,0.038412217062436534,0.11350114574756542,0.02700522562836933,0.025342473915446345,0.028262109778585887,0.0320222244138309,0.03181523164058405,0.022149298314759144,0.02286152453274796,0.025229843834275224
SHARP,32_100_10,0.12207302907391576,0.14708765207561572,0.17500181006546991,0.050746344619372295,0.07758715525269662,0.06721070861208242,0.04064069911858723,0.10911690224719109,0.02509192994402755,0.021997532601051084,0.028379263436817636,0.0326576771529675,0.0323994576574878,0.022128346711515354,0.023718647540585707,0.024162843890616344
SHARP,16_100_10,0.150099940581454,0.11856908252239952,0.18503530707826993,0.049050707872985405,0.07320884120128844,0.061544178200946084,0.03366748612256505,0.11167467504180928,0.03549613673136252,0.022703711031969564,0.027484270604680634,0.03316839698505782,0.029908181302825593,0.021921746095812492,0.022842821598665762,0.02362451702790791
SHARP,4_100_10,0.16823036238148295,0.13445947879726095,0.18480585049309167,0.044552613058310674,0.07548678038084011,0.06141750621587715,0.03861183327107802,0.07945753925268381,0.025257448831101693,0.028899322483002057,0.027599058538817584,0.03275383867739356,0.0311882177220784,0.02163933459636223,0.022534884898158813,0.0231059304024604
SHARP,2_100_None,0.11028513520020247,0.10341343272613415,0.15514545810532673,0.05580742632153671,0.05818097917929688,0.05949162564777364,0.048486181027473416,0.09373320822774167,0.04022994014825104,0.038278915107130974,0.04047817695238321,0.040322971265759004,0.0429393655519744,0.03839946959061889,0.03683183094304634,0.0379758840053504
SHARP,2_100_20,0.11258840444699386,0.10599815512337653,0.1580483464348708,0.0562155550019786,0.05677744450550734,0.0594615873410422,0.04740542450832945,0.09429681683237705,0.03968320372273189,0.03652773545369694,0.040298704003333796,0.03957800675945006,0.04189034866564881,0.037520702864914386,0.036757493144221526,0.03695207119152676
SHARP,4_100_20,0.12928068256980846,0.11112418672124638,0.14150876925386643,0.05206292640156333,0.07318376385405449,0.06250463103083326,0.0490818969778296,0.07352870239084956,0.036407119183877096,0.03998395750093114,0.03982458685862598,0.03993501767552567,0.041843008996956706,0.03778762233925306,0.036237962514130626,0.03570516573064812
SHARP,8_100_20,0.1170138070924209,0.10179484253560828,0.12504269367266635,0.06378138933690138,0.06530065518052419,0.06689265880420892,0.049092997963363263,0.09696554675559928,0.04169325812759155,0.03902384402234652,0.04044067000409535,0.03953275220108525,0.042414617514490195,0.03811845893399859,0.0358988378833407,0.036992969971759375
SHARP,4_100_None,0.12568724565335954,0.10949328312818213,0.13771093080542834,0.052401024873503725,0.0732792456096042,0.062385943777349545,0.049482643826977334,0.07341022746329597,0.03771991679376117,0.04088174239041173,0.0406899466901728,0.04080777672942462,0.04202215763855203,0.038889958000320635,0.03770641026219104,0.03743154635746517
SHARP,32_100_None,0.09847242659355684,0.11532451083709479,0.13104739432685164,0.058312260320466394,0.07132082054378057,0.06683780423120496,0.05117037724059886,0.0924639805302586,0.03995958197005705,0.036328561246253194,0.0401637932365599,0.04219419915635716,0.04294173918734912,0.03955659616697241,0.03701488049780091,0.03689107391483759
SHARP,16_100_20,0.12199229911258311,0.09971335496952922,0.14107054564344132,0.053188622119329995,0.06982640176532745,0.06103025702559045,0.04495768959432207,0.09229619469134345,0.044503586502895764,0.035739054208571944,0.03939101383686363,0.04127813382034291,0.043127105503274976,0.03798557078069254,0.03736107894895523,0.036539091476936035
SHARP,16_100_None,0.11841095741954558,0.0991564214919848,0.13565310153183008,0.05383011081003021,0.0709448496884601,0.06115496424116291,0.046524434664416844,0.09162726854878164,0.04580043487443278,0.03742628405000559,0.03954490505133447,0.042675304896737584,0.043401182865537714,0.03857221412300145,0.03687331421688204,0.03840425152585624
SHARP,8_100_None,0.11672839306799286,0.09912503561378264,0.12083909649287738,0.06468422719503925,0.06547615708795335,0.06709244092880941,0.050722672405237194,0.09449538639365494,0.04326102842593568,0.03815909027358245,0.03976488959683735,0.04189905199727551,0.043288591556912774,0.03899956625233134,0.03731034504845596,0.038154027663321946
SHARP,32_100_20,0.10027156863896064,0.118235994509872,0.132810289901634,0.057581609830254,0.07180568491971875,0.0675002052901042,0.051170200994414855,0.09331341233085792,0.038475372754890595,0.03549743397733629,0.038733314138710034,0.041746549977407954,0.042767918282577616,0.03777903389219955,0.036582544734913874,0.035728865826147684
SHARP,4_1000_5,0.21725905431086598,0.16082494713546366,0.20838951815480747,0.05520405824273943,0.08689541359116762,0.06483415832460396,0.022519607586706427,0.09723717271835007,0.015110412802119924,0.010281219594018901,0.012321529555036516,0.018357122990998523,0.015660927075751764,0.0026935522659864266,0.005901127891744301,0.006510177759639046
SHARP,2_1000_5,0.18605769634149974,0.17307258755194926,0.22354193569537786,0.046293396393130966,0.086317941472201,0.06459829417170168,0.02371271466009694,0.10815274055790156,0.01632962679318818,0.010511321869283042,0.012416677123692012,0.018701005233300417,0.015140703801367726,0.00267361341071413,0.005956940260563626,0.0065228046640319086
SHARP,8_1000_5,0.19567666504495151,0.1609624265292876,0.2121746483971328,0.052728008556223706,0.09391105027637896,0.07707165595037589,0.0217276888305673,0.09832815252478463,0.015943625878733048,0.011194356123861065,0.011787409597181506,0.017469006543680197,0.016203900296771604,0.002567290569839421,0.005888573241767525,0.006365541638463278
SHARP,32_1000_5,0.21251250316578219,0.1490295890793506,0.20137041324850616,0.057030520081665224,0.0879471884865023,0.07351881996878953,0.020623021041230722,0.11622676659939676,0.012978763002487721,0.0074250584294580585,0.012284971000746731,0.018277966136028705,0.015580451820591992,0.0027394897893816637,0.005862004305480719,0.0065924738446008005
SHARP,16_1000_5,0.2000442145948216,0.15327998130886952,0.20983909215575114,0.05653541739101319,0.0872297829780796,0.0701875917875249,0.02312657590357015,0.11384744665501055,0.014966625521027595,0.00849309904352081,0.012671920312268626,0.01871742975849505,0.016279354174406836,0.0029456589337150023,0.005556366495888625,0.006279442986036716
SHARP,2_1000_10,0.14601122545071157,0.1381991955730687,0.17670170027396315,0.04980465929426115,0.07799622607655732,0.06468299536835863,0.03813152638094252,0.09247165313677772,0.028884160242303236,0.025644816102663576,0.028426961920216126,0.0325674295444481,0.03149717252624196,0.02213943512528559,0.022773245378694493,0.024067597605506093
SHARP,32_1000_10,0.16484513825455335,0.12284696022268742,0.1594376248278738,0.05577414495224566,0.07803435553550249,0.07165850729796762,0.03559160271681925,0.09864979085255181,0.027304925260572523,0.023984114773746897,0.027866613438915222,0.032708431560918426,0.03202485417936688,0.022676289168337027,0.02286660100720038,0.023730045950741168
SHARP,8_1000_10,0.15226125560591233,0.13118233385829542,0.16474256239201698,0.054923773026642184,0.08198775927582032,0.07439192955352335,0.0366187083134118,0.08605151533584939,0.029325032062560197,0.026616372335011445,0.028444530167382,0.031980223114145626,0.03166535255726165,0.022855217988011284,0.023075961054309913,0.023877473359846052
SHARP,4_1000_10,0.16561440562371338,0.13169909280567882,0.16520036573477737,0.055687596167482235,0.07759552531297399,0.06532041863789577,0.03709669225607971,0.08739239827060911,0.02835201391301623,0.025374200460063612,0.028599065526351622,0.03188290735947086,0.03191220189184624,0.02219043483956324,0.022463137106442193,0.023619544094035636
SHARP,16_1000_10,0.15542598820738762,0.12599738243633896,0.16648477029199588,0.05642552554440192,0.07737162694709351,0.06868284976488258,0.03749042710732173,0.09720345223074288,0.028673229905742493,0.024952012654875712,0.028534155810536692,0.03236662349648102,0.031649575813059,0.022090924408962632,0.022717431519434634,0.023934023860742795
SHARP,2_1000_20,0.1179235562363156,0.11277882973201324,0.13631929720055083,0.05395374140377353,0.07201955437824346,0.06458121554006957,0.04838561949355678,0.08189617471151954,0.03944903288966142,0.03818093601957693,0.03976102596363254,0.04103272212474677,0.04298654033918012,0.037766281335933155,0.03590117865071926,0.037064293980507215
SHARP,4_1000_None,0.12678474281901742,0.10632967898081029,0.12655085698784563,0.05916275516332274,0.07173493280958873,0.06423019139636485,0.04782571173303088,0.078373073589561,0.04003578967528526,0.038999448285765514,0.04053095130588691,0.042125290996718336,0.043383319082488575,0.03925178090365149,0.03687947550458893,0.03780200076607342
SHARP,2_1000_None,0.11466372824055876,0.11025417877144778,0.13389063723687267,0.054479201515967954,0.07201439924881636,0.06448961899973059,0.04919610624143591,0.08119471398855657,0.04035450835171533,0.039180786477458415,0.040558907747292774,0.04204551862336611,0.04380860722361213,0.03882595809602584,0.03718441049717256,0.037858718739970376
SHARP,4_1000_20,0.1297909704152487,0.10827774581746687,0.12954626438661035,0.0583304088471687,0.07210218867828969,0.06447745783744002,0.04754264618620204,0.0787458256516539,0.03933237838435317,0.03807360656086006,0.039902311290236324,0.04130784296423375,0.04233612252767785,0.03780224317642735,0.03597864822176451,0.03645333905436663
SHARP,8_1000_20,0.12081378074090911,0.10828561032562317,0.13047291910758815,0.0574654051739131,0.07496187319547366,0.07061442234977099,0.046719904979628704,0.07902732788370767,0.03973679682299609,0.03826263712383088,0.0392107561373066,0.04129719880934606,0.04266437136884426,0.03796184419284031,0.03573100923542897,0.036774142552792335
SHARP,16_1000_20,0.1222319268502104,0.10424427485381468,0.1316179275614846,0.05770731820344596,0.07326654639895461,0.06668183109800654,0.047063571938315736,0.08529239466614484,0.03985673081883361,0.037252775864753666,0.03943883114252228,0.042023046808195616,0.04263553263917933,0.03792249653003103,0.0362991641113633,0.03646563051474381
SHARP,16_1000_None,0.1202555736648285,0.1023066997500276,0.12833936174779995,0.058274635904464495,0.07289088103849392,0.06654744448257045,0.04808049943822141,0.08415086352579386,0.04040978291673028,0.03829685676117163,0.04040779218668719,0.04251716564938115,0.043605081150878355,0.03900195815717897,0.037273755667338176,0.03764164795843389
SHARP,32_1000_None,0.12527242871661762,0.10062472376333434,0.12428580416567285,0.059451295762025264,0.07179271963871683,0.06857594553300594,0.04734635991179803,0.08584289959320235,0.03972292764942507,0.03769440333589224,0.039976598187411935,0.042412527629587936,0.043115432749911316,0.03932761579340958,0.0367676521398633,0.03779066543012539
SHARP,32_1000_20,0.12845089186997063,0.10297023441250645,0.12723215820746794,0.05864223345051602,0.07173519019989896,0.06868819894891813,0.046680503700219596,0.08639863706432868,0.03889778336768126,0.03658590024350632,0.03899458967484067,0.04128680259229633,0.04240833102153934,0.038243883607626136,0.03590965808961944,0.03687500354906404
SHARP,8_1000_None,0.11846994985505435,0.10592676786397068,0.1275260768330115,0.05774345032128593,0.07451369708003962,0.070239979713827,0.0476423232715269,0.07845534866840961,0.04041139839743308,0.03941331628402744,0.04026335465578261,0.04208335525176411,0.0434766124575035,0.039137216504907466,0.03683600272148132,0.03786115011997487
PIL,2_50_5,0.031000563794991765,0.18250897007555547,0.028010698767055264,0.015724243865901506,0.04963346982100094,0.008937690401189725,0.2928353004444099,0.2129008077197424,0.028900393659066402,0.018463051506862047,0.024657211779132115,0.004741873155012265,0.08120685435447575,0.011041978169999342,0.005255346254831673,0.004181546230773402
PIL,2_50_10,0.03911573646199419,0.1284167846856412,0.03984276956711293,0.0341344837347791,0.057120521904584214,0.03153164595393007,0.19911908957723937,0.14590573700488205,0.04923015929238071,0.03804073417521746,0.03851901227767356,0.027369082710435706,0.07294518129228969,0.0387419224721419,0.029181864857250862,0.030785274032447033
PIL,2_100_5,0.023570298203865584,0.1430775437199987,0.03122031491624619,0.02555927618301235,0.055883585036227576,0.008814074260847059,0.27822833114872475,0.25218485099800664,0.028681784978081052,0.018433795796177935,0.01714334873208635,0.00975175773679686,0.08423180088842057,0.01188007129263305,0.006372794996949548,0.004966371111925781
PIL,2_50_None,0.04741205831531947,0.09747583091645992,0.04862060363654032,0.048133776179469054,0.06096716225702692,0.04138395207373509,0.1387245319850981,0.09626957366908809,0.05999935904397267,0.05286636630332975,0.05256169041953866,0.044003716476594935,0.06859598282345555,0.05229475830821509,0.04555910742812884,0.0451315301640275
PIL,2_50_20,0.04984196106556249,0.0962696246111652,0.048969330152458294,0.04769108396029078,0.05970051481615652,0.041620457090629455,0.14160455609480832,0.10285165483372383,0.059110940884194385,0.048895249373839836,0.05069287208317871,0.04335321985671836,0.06879987006966572,0.052205411032739894,0.04380623026050255,0.044587023814365565
PIL,4_50_5,0.052809035061704056,0.1429753874991105,0.04762767254427783,0.0398888683827484,0.030917361286006126,0.009827544291001626,0.3267822767260908,0.19354272700370362,0.029819607570985972,0.01877284018838327,0.0068810705996042035,0.007841932554084127,0.07122847314936646,0.011906464714885155,0.004142327848535217,0.005036410579512704
PIL,8_50_5,0.028922265010334413,0.17415481946182576,0.016865706672063233,0.028702805180572694,0.05345954410013988,0.008826617638325363,0.310823548816278,0.20993690772607512,0.03331248392950066,0.01686247735616033,0.010396775814928592,0.022484441178453135,0.0640077697772985,0.011029342532973442,0.005388991615524784,0.004825503189545961
PIL,16_50_5,0.04200565321300097,0.10549309686448666,0.01054661624064853,0.008214571162202602,0.053632917607269306,0.014260351778352302,0.3570199563494861,0.23468237197285025,0.024688015660299115,0.018398936965260227,0.017966230079290296,0.005289873143698194,0.08596434248971686,0.012362286377379404,0.006145025179658663,0.003329754916400545
PIL,32_50_5,0.01898296571893259,0.23315772857550346,0.02396027329407084,0.027276056409721198,0.06165965197738223,0.010412762753414453,0.21910378020938143,0.2490153819590184,0.02901154420877204,0.01818389097683365,0.007748619567384058,0.0053623955384658716,0.07327907312112344,0.011249996756566297,0.0065174098492891425,0.005078469084141097
PIL,16_50_10,0.04269040092318617,0.08335025182371293,0.032546008989408,0.029400567820297964,0.053612297959497034,0.03162435489361723,0.24533753252773186,0.16175969554256164,0.04731242759105629,0.03718516535767736,0.03371799606429317,0.03030154552352024,0.07684989466325354,0.038058470320759895,0.029718284443794922,0.026535105555631842
PIL,4_50_10,0.048108351369899736,0.10819005194925772,0.05261889621688019,0.04524707390895203,0.0435386220354131,0.026850559074876094,0.22673229074629314,0.13933543345113197,0.049484925232729474,0.036757727096405325,0.03055990135536732,0.0265664658535832,0.07027319400354072,0.03756525687995561,0.02973325103978334,0.028437999785931083
PIL,4_100_5,0.05665989704525964,0.14586069312868236,0.038385622313427833,0.04499161264745035,0.049966834946595415,0.012997837500106057,0.2855861803135403,0.20273923253970205,0.02955484184363795,0.017647909933467435,0.012007779205373914,0.007803799418708857,0.07616489825533025,0.010363312008437528,0.004772981297848966,0.004496567602431074
PIL,16_100_5,0.06027083063459169,0.10036466959985647,0.023190042059742805,0.01349261903911523,0.04625004129784733,0.012004332278016477,0.29525942286715673,0.2704836660382121,0.028619023358356064,0.01841911640500255,0.01256632194773482,0.013822853559101402,0.0839810962093734,0.012149999796674561,0.005386875698689409,0.0037390892105289655
PIL,8_100_5,0.04886776394238498,0.14527107161839473,0.017917415347746497,0.028327574339183835,0.05237237469521445,0.012602165017327664,0.277565462173891,0.2161891174933649,0.028963210585807735,0.020352186921646444,0.014413875713501773,0.022325638326788477,0.09318438369379844,0.010831947620387812,0.006191121249495809,0.004624691261065404
PIL,32_50_10,0.033086293273880074,0.16438876005029676,0.03457078974382995,0.03768642049254074,0.06010991179599601,0.02801718264182272,0.16082684285417212,0.16425015704007134,0.05358991802973738,0.0364420109952358,0.029627645703064403,0.02855621634629376,0.07282729994718411,0.03883754344591542,0.0301166567472588,0.02706635089270063
PIL,8_50_10,0.04065875933292754,0.1221841322217039,0.03438508361673822,0.03731219725901256,0.058119385029885264,0.026572061429833,0.22245281058381372,0.14927851659635902,0.048991723931255185,0.03819535905637211,0.0314157769017435,0.03776149484825418,0.06111820013272418,0.03706945572658853,0.02733956827858141,0.027145475054207686
PIL,16_50_20,0.05063542504504436,0.07281046323080896,0.045020957718797376,0.04532261820733932,0.058821448881651986,0.04273549667239622,0.15823740421230614,0.11107225687176324,0.05852714111754821,0.05081720068605821,0.04784405094331912,0.04388689985334827,0.07189233435109997,0.05370293516050843,0.04503082954502566,0.0436425375029845
PIL,4_50_None,0.054754313579097554,0.08800075233202108,0.055910435730304096,0.053086914953454266,0.05772461835855518,0.04262214049370451,0.14813794677350023,0.09324594484474831,0.05848975345948634,0.04906298423752294,0.04573829678831751,0.04492978506420186,0.06847659321337074,0.052985851251784906,0.044898792151317944,0.04193487676861256
PIL,4_50_20,0.054069889459189086,0.0879857217912219,0.056641962171024414,0.053393098115872464,0.055297647021705226,0.04199349225495071,0.14944119920795934,0.09561952221386084,0.05879062771229388,0.049088194040616664,0.04491572133555559,0.04427512607917428,0.06845039156439708,0.052759198283072524,0.043867382057598235,0.04341082669150778
PIL,32_100_5,0.032298198201523826,0.16888300285519095,0.03170691893285581,0.021527038217520108,0.06573470357163116,0.009828918307598225,0.2391504152668361,0.26064502464169315,0.029313655850930057,0.01911087852898623,0.01645940339197215,0.006352096461415971,0.0763060929762109,0.011236842325129313,0.00613603119572863,0.005310779274777467
PIL,8_50_None,0.04878633062516129,0.09607228502764206,0.046498787169283705,0.04992750082412153,0.06132689000182565,0.04114625914503396,0.14543761548072648,0.1025788111333248,0.058147480632654035,0.05155715209602233,0.04561732657120988,0.04824827125950461,0.06315577780283074,0.05247715630396452,0.04373985936392155,0.04528249656277284
PIL,16_50_None,0.052559461013956976,0.07800208538274848,0.044025114734244794,0.04386459080395382,0.0595778973832607,0.04342058851834851,0.15948061320217474,0.10230158734630074,0.05762896301449863,0.050435409773145985,0.04779739856767596,0.045540237859239524,0.0711618548922044,0.05213611703945815,0.04679673653634844,0.04527134393244009
PIL,2_100_10,0.03524531765725043,0.10555881016039277,0.03822295483951542,0.03931897134475823,0.05923309211733468,0.029264020797773307,0.19801732738411823,0.17200728737254092,0.04975567444536381,0.03782438155127522,0.03479947384004002,0.029317024344763118,0.0737737222268424,0.03814610626162426,0.03017200780173381,0.029343827854673328
PIL,32_50_20,0.044302699393604233,0.11645716362351732,0.04901397036313473,0.050916359553903806,0.062022201727816355,0.039589216718859725,0.12124282846850559,0.11045885560025517,0.060029631088644626,0.05037624768045597,0.04499168841735285,0.04327136890978028,0.06733824723456831,0.051959626543014836,0.04453426454103125,0.04349563013555498
PIL,32_50_None,0.04334723086188066,0.1140479715765453,0.050312461495210056,0.05191410052251343,0.0631145033028564,0.04032382033795785,0.11760639258039779,0.10992645481997859,0.05819237133485797,0.04923021374552474,0.04759452865417579,0.044044108507613214,0.0684658507942687,0.051692002670314686,0.045577618086699453,0.044610370709205316
PIL,8_50_20,0.04790613615608457,0.0985545996727718,0.04487142354425489,0.04937279615805524,0.05989426162552456,0.04152503279355575,0.14405350919838247,0.10473819517051189,0.05840500783504881,0.051285082859683966,0.04699224920871627,0.04802707880944942,0.06313192202728557,0.05106422804935406,0.04466362203734915,0.04551485485397156
PIL,16_100_10,0.05554791782889899,0.08176402274592387,0.03856597488228421,0.03283021935771106,0.051737083744184655,0.02958714873138622,0.2101705655363615,0.17983440055807998,0.04933061805273917,0.03621868121904947,0.03179449455486317,0.03318062660196609,0.07556048880540163,0.037586268839948395,0.029800603051405642,0.026490885489795724
PIL,4_100_10,0.052124468537560247,0.106555825337505,0.04830664903184055,0.04813618239122242,0.05680458690051058,0.029065643649803116,0.201868776999746,0.14537416783947557,0.05062293765389916,0.037340721625260774,0.032543658966610906,0.026442940263906357,0.07084272983560636,0.03771452877895219,0.028636937996219317,0.027619244191881477
PIL,8_100_10,0.05176150942681326,0.10603787816170135,0.03664905600417443,0.038684165148316144,0.05863388758472745,0.02888713448584022,0.1988699960116443,0.14700266452892155,0.04942760837845164,0.039842639577383376,0.0335123038887679,0.03872741158962866,0.07663951947160833,0.03753192518774969,0.029726292781443866,0.028066007772827813
PIL,32_100_10,0.03987624287996771,0.1278005162433919,0.04150593400728043,0.035785891996641506,0.06555989606868003,0.027035948158763916,0.1682343626589299,0.17642156800320824,0.05176103465414509,0.038310772047390786,0.0336815379968339,0.029000889257188654,0.06985316302816628,0.03706533379291433,0.03003349449442518,0.028073414712072225
PIL,2_100_20,0.0461107079302449,0.08421157340148917,0.048519685704925195,0.04934761838384328,0.06153083406815852,0.041429951901820396,0.13850490175653404,0.11786112924830253,0.059826282900440654,0.04959940351463816,0.04801343745286605,0.04490129396197831,0.07004308790245956,0.05185654627971044,0.044049530728017705,0.04419401486457108
PIL,4_100_None,0.05640103731895206,0.08622030217071196,0.05427733714026351,0.053973970714952225,0.06234862502113763,0.043549949599671255,0.13536989449364817,0.09779855592216614,0.05965829072472171,0.04944973066800355,0.047504745036863236,0.044759702146447665,0.06875999735799002,0.05277014026429307,0.04489450293343513,0.042263218486742596
PIL,2_100_None,0.04557734079812639,0.08428136431701368,0.04969947146878117,0.050581366887657096,0.061555679241240106,0.042503380053796586,0.13533949416523322,0.11089834573278665,0.0598222590491883,0.05254303978431781,0.04930904067523108,0.04539917751938009,0.07062068812842513,0.052525078751897894,0.04510960097648687,0.044234672450437974
PIL,4_100_20,0.05484616531662711,0.08886289746926793,0.05430237772889692,0.05371552844759114,0.06178884778393359,0.04201506525507951,0.13726442237369355,0.0992178481832574,0.05949538851943545,0.04902194810589715,0.04649258739876611,0.044194406106687095,0.06890118239791858,0.05196647167361039,0.0443862144032248,0.043528648836113286
PIL,8_100_20,0.05255764932711522,0.08881411139516934,0.04639826124743099,0.049371084648959014,0.061304181262848596,0.04308352960971507,0.134088364966363,0.1032318022742444,0.05941236918413973,0.051439891047105724,0.04803549265217652,0.049114122413194704,0.07327533893481401,0.050769296594936654,0.044573152439567894,0.044531352002219145
PIL,8_100_None,0.053619118608982774,0.08744046424699656,0.047430516087612784,0.050089723688290066,0.06269883563537305,0.04240931447913096,0.13377731802916776,0.09991785519571732,0.0588546001062315,0.051994420847730566,0.04799005047666843,0.04890203810171024,0.07247678393272061,0.05227923294795266,0.04449114762078434,0.045628579994930404
PIL,32_100_20,0.04633972407446985,0.09466828236584779,0.050327466132934394,0.04913370446828934,0.06560460902883339,0.03977230585128937,0.12722198122022302,0.11830973754431715,0.05952607526968516,0.050069898986466924,0.04828026609806167,0.04324911700107121,0.06778399787915201,0.051471547515139444,0.04460088219875495,0.04364040436546444
PIL,16_100_20,0.0562675647856016,0.07183275879600166,0.0487075861803022,0.04642603002024434,0.058087927985572614,0.0422253246021307,0.14117402282098315,0.12222241843802949,0.05859692045750737,0.04990301385978888,0.04654047498282839,0.04649475594526701,0.07021211898857756,0.05337567879434562,0.04453944035470789,0.04339396298811155
PIL,16_100_None,0.0568701673754247,0.0727368220220677,0.04876649634704774,0.04550506225512115,0.058447193637415046,0.04257079562999802,0.14151085492646376,0.11529901303833799,0.05911743418106655,0.05014275635749704,0.04702438790460297,0.04810443585292987,0.07051334469644394,0.052431522132740015,0.045499639739750554,0.04546007390309299
PIL,32_100_None,0.0472543076960358,0.09390176181148695,0.05196679768834764,0.04888480929658,0.06551291636541352,0.040434272632109136,0.12150058388822012,0.11709421005102705,0.05972063813799837,0.05103923674462809,0.04914926847114808,0.04452380255929632,0.06781880103478549,0.052026313739198915,0.044840131199108006,0.0443321486846165
PIL,8_1000_5,0.04826321475828361,0.14873216072577058,0.03076714118640606,0.030092592354607657,0.046378188647987685,0.009083902269150774,0.29235681054839474,0.2118508381390475,0.0287506113293042,0.02070853307702994,0.016274792382968483,0.01458133633386675,0.07858332316927927,0.011147046312706488,0.007186981195516828,0.005242527569679426
PIL,16_1000_5,0.044896666885863884,0.13426926200061667,0.028979927540037895,0.03372694420528254,0.04527752659380837,0.00985215542417834,0.2806924610766074,0.2318439972726333,0.0297112290764858,0.01974167316639837,0.012906372697826032,0.013819277268513298,0.09221832755084099,0.011158948284899134,0.0061214466049182535,0.004783784351089816
PIL,2_1000_5,0.04309626447216353,0.1457341220357612,0.03283652736798317,0.026434280026959335,0.05128683336961766,0.010238421180010466,0.2716220330659044,0.23076166476215484,0.030101329214382546,0.019428994447836214,0.012533208453028483,0.012373287483143876,0.09018831586351214,0.011142902921414673,0.007165430817479966,0.005056384518647654
PIL,4_1000_5,0.05523684119536702,0.13290393522757774,0.03071565169116817,0.036887004487224026,0.04878824214955676,0.012598518205660861,0.2873495137121342,0.22000858209756638,0.02975387761751739,0.019491805569975977,0.013196332535518352,0.012291445439104145,0.07845300734128259,0.011059621560901867,0.006467351872205027,0.0047982692972394145
PIL,32_1000_5,0.051650574468558905,0.14521371805738273,0.029052054114623638,0.030616326416854866,0.05415355911128018,0.010445346377243677,0.2683012965238033,0.2299909633137313,0.029639175701440142,0.019992673413621535,0.01531299101648943,0.00978439042056518,0.08333698320354281,0.011071048138631884,0.0064544805235641585,0.004984419198666316
PIL,2_1000_10,0.04691985248921672,0.10692385771034577,0.04379002900359746,0.03874063630885171,0.05638289721414963,0.02830185813320545,0.19296061840649778,0.15913855341888902,0.05085900931280115,0.038416767020756845,0.03225587996273313,0.03130449900840133,0.07774466502530555,0.03760849913984516,0.029824365781868246,0.02882801206353501
PIL,32_1000_10,0.05185788802923592,0.10909771755136419,0.040506447895236275,0.04128694023545971,0.05750183951706759,0.028402968628582503,0.1906509248945591,0.15845097425882268,0.05079027293069488,0.038775904389588556,0.03370885943682285,0.029833055926568226,0.07350205424496088,0.03768298164736012,0.029578563549577355,0.02837260686409916
PIL,16_1000_10,0.04670263823601523,0.10194613296880613,0.04154641500932807,0.04283828511240498,0.052931424397341824,0.02803186636364395,0.19919257780253527,0.159376322639974,0.050475340899914165,0.03801436421800064,0.0321998666384009,0.032846911120926074,0.07890730301166306,0.03709710561036439,0.02957758267672002,0.028315863293961435
PIL,4_1000_10,0.05190025623622116,0.10086796245250318,0.04223325410669817,0.04479712562118301,0.05500547155565748,0.029820562686192258,0.20296889113406263,0.1544012791265269,0.05021790494387017,0.03877250380191515,0.03182797884129656,0.03125340252321743,0.0712447980642215,0.03710746840174017,0.029547406591621847,0.0280337339130723
PIL,8_1000_10,0.05024171194181158,0.10942858520329772,0.04148097892893711,0.04107080256216321,0.05375824214018891,0.02776930178588239,0.20395627320347504,0.1483585769977143,0.05096353011151299,0.038797707096159054,0.03472709860913026,0.03287178175992639,0.07065773922465128,0.03749312790848257,0.029963702745526784,0.028460839781140466
PIL,4_1000_20,0.05448051555499721,0.0838343965234147,0.050112268563905465,0.05282620859258401,0.06022246406370601,0.042295303071319734,0.14050036170801558,0.1062081663569205,0.059580196697423426,0.050262343255922076,0.046710317824589974,0.04518544298771586,0.06843837729727117,0.05190006217028417,0.04409132009709942,0.0433522552348305
PIL,4_1000_None,0.05555867445446959,0.08187245493654065,0.050889543543862895,0.05305850259378367,0.061004967154240045,0.04286093207711882,0.1369690817133211,0.10357257963108427,0.059843138708376806,0.0505326661906583,0.047462035604705965,0.046123382099798,0.06851549830161734,0.05279433836167505,0.04491203055643427,0.04403017407231333
PIL,16_1000_20,0.05125005515723701,0.08380573451764513,0.04920303730583337,0.051898783124602915,0.058970793120709124,0.041139797859932645,0.1392780434625023,0.10990510316013143,0.058980454612854165,0.05025922620033237,0.04645809423673706,0.0460051573243865,0.07296562014400347,0.05209478506422139,0.044419600370638,0.04336571433823302
PIL,2_1000_None,0.05142593351716713,0.08525595701910549,0.051817252266636984,0.04956248032745996,0.061083165000102406,0.04218961925292998,0.13235972448060956,0.1071040098982948,0.06006208678285216,0.05099114351391096,0.04771849297227939,0.04620592714350476,0.0720582175803207,0.05247008483626143,0.045334623972952674,0.044361281435611695
PIL,16_1000_None,0.05183181127203092,0.08223917854383819,0.05038858982591169,0.052293868736806554,0.059345777964315484,0.041974651882199725,0.135559465185735,0.10656933252273275,0.05960821200013015,0.05077376270982339,0.047555518274995136,0.046909034245203506,0.07260232356166148,0.05290246044993082,0.04505053457853785,0.044395478246147285
PIL,8_1000_20,0.05233720050807629,0.08887399425600219,0.049988803911137795,0.05077504908225908,0.0591379234683453,0.04125511244230547,0.1421061800124037,0.10323639762547596,0.059267462351972,0.05035433859304672,0.04771494570022592,0.0463289604379794,0.06916317171008494,0.05171674066585189,0.04434000440107816,0.043403714833755096
PIL,32_1000_20,0.053716850599772104,0.08528510900468392,0.05000215506107626,0.05129351498080149,0.06147262044550471,0.04122625377282926,0.13651557087074082,0.1091619029708188,0.05937761072656311,0.05032061473476096,0.047656931070973914,0.04459700641562115,0.07022524698558116,0.05193840227281323,0.04388429418853324,0.043325915898926086
PIL,8_1000_None,0.05299109814142276,0.08723538360706247,0.05088577875532207,0.051305791115393705,0.05909337485909761,0.041746054019577906,0.1387644193473791,0.10057622614092192,0.06002864323029108,0.050610888658894605,0.04888779695325595,0.04679116653542838,0.06846518559130316,0.053002985786206984,0.04515255557213828,0.04446265168630416
PIL,32_1000_None,0.05379754529185015,0.08591928189351128,0.050252176879875064,0.0518068604614878,0.06173652805057618,0.041883850744123374,0.13164641885451345,0.10667446071267728,0.05990411973464372,0.05087830273069977,0.048246768303119365,0.045327218939715384,0.06986118196361761,0.05267721415736848,0.044852873755682386,0.04453519752653872
PIL,2_1000_20,0.051055489081358214,0.08604028897395688,0.05138008418048307,0.04946051342937635,0.061120300492965754,0.041481325372361516,0.13642865328408788,0.10988230392091307,0.059427703737942844,0.049762501540977166,0.04666544673634692,0.04538907003270649,0.0722438728637595,0.05208506834881754,0.04406638899688223,0.04351098900706453
MFR,2_50_5,0.10280838043990614,0.21018931886581077,0.12060587623613436,0.06691190926066755,0.09995403328805176,0.025511462366881853,0.042699738957927,0.22675091617513657,0.005546957607376252,0.004258084725997327,0.03604675213316345,0.013107321957638975,0.030291046018464603,0.003410470166286467,0.004797671454661002,0.0071100603458960476
MFR,4_50_5,0.14955655905382315,0.2002980535775981,0.12325454801914391,0.05013832801609889,0.0806471574754273,0.04960831096561672,0.03969331031335408,0.20829321780100207,0.005618649356441096,0.004359036385559505,0.01912211167444612,0.017255785688929836,0.036327481879467674,0.0017494522151328964,0.004790649520081389,0.009287348057877327
MFR,16_50_5,0.10164072198897924,0.1510630757684813,0.1153135688012851,0.0475789418166215,0.1143172144128651,0.026870566967627622,0.03911192096243346,0.3038639076358066,0.005444472186202084,0.004029183316204038,0.025563181975927236,0.020236158996501268,0.02726441930658782,0.003163602233494878,0.005491883680001135,0.00904717995098161
MFR,8_50_5,0.1301641916611703,0.20150615615648568,0.0896137666333992,0.05461622051334716,0.09101086062334378,0.03176294984139913,0.047951170208313014,0.25477813707819097,0.003961788801677545,0.006592235286507905,0.034432572905028665,0.0073263142367806545,0.030375126792719788,0.002627159349754428,0.003594023677122618,0.009687326234759215
MFR,2_50_10,0.09618768719442274,0.16012965211837024,0.09753310456180644,0.0657930517816118,0.08727791057681308,0.039808377004997376,0.055749360222941496,0.16531311193430487,0.024063726544902117,0.02074489549590145,0.05016867401436688,0.026731329263841988,0.04199974829577417,0.021332081079989195,0.021757601357291875,0.025409688552664293
MFR,4_50_10,0.12610764348023656,0.1524795563120687,0.0989033510815602,0.05206297265078803,0.07617126967722457,0.05664217978777,0.05360010676308756,0.1611715188089791,0.02282925920317988,0.02062695044653014,0.03606009412395453,0.029666463224957036,0.04471220318288669,0.02005426115239741,0.02286025022489972,0.02605191987947994
MFR,32_50_5,0.09135218969669757,0.24018060343380288,0.06926875093568774,0.06404304394278017,0.11606469571161242,0.018038839377660112,0.03847415454885455,0.27569136687150564,0.00402663773352045,0.004153308299125897,0.02996111742128051,0.008386568024243665,0.025684959256663198,0.002492465212645901,0.004824344732020175,0.007356954801899196
MFR,4_100_5,0.17058006896021666,0.1647910999069561,0.09399038940141827,0.0454146595038956,0.10881806021027791,0.05333216770896347,0.041015252002326516,0.21985230741103723,0.005800619845230024,0.004747290684486079,0.026730221062197135,0.014889993806212145,0.033539891727369014,0.0025428241951929455,0.005115423827563617,0.00883972974665736
MFR,2_100_5,0.1339627966326419,0.14636014233045377,0.11100820984612918,0.07423749546599177,0.09199575030038187,0.03022113851772965,0.04242134312536439,0.2719518022789797,0.006186087579778637,0.004413998675077785,0.03098632902763741,0.01331683749476195,0.028482007014953712,0.003173994678298961,0.004503372710491683,0.006778694321327713
MFR,8_100_5,0.1502495467030892,0.1549011555969936,0.09037477985576878,0.07431583198407338,0.08471477884390557,0.05089450424558065,0.042261674521429135,0.25130240935856646,0.004344918443484232,0.007076264950989223,0.028598203296529054,0.011381276179574861,0.03377514810907575,0.0030803564318034994,0.0042673192749223855,0.00846183220421424
MFR,16_50_10,0.08367803225349818,0.12940064382146454,0.10633415153095024,0.04544864531988253,0.10206593268019482,0.03754820032401161,0.05454224701423653,0.2156337895020148,0.024154776342276918,0.020893239006954348,0.04268900537291283,0.027580897151579555,0.04056361258054534,0.02064486402022879,0.021113781142341394,0.027708181936907564
MFR,8_50_10,0.11026981829959956,0.15280946994473277,0.08424107113943285,0.05364340185259224,0.08656174706611207,0.03797944482843353,0.056160071074153634,0.19364227512706095,0.025268928525743396,0.023773468924321816,0.04044038683432893,0.028240457193457184,0.040189287911829734,0.020073069843884753,0.02184097722770514,0.024866124206611426
MFR,2_50_None,0.08110784177433189,0.12207510116353497,0.08699081110682311,0.061585900509478105,0.0769553922431576,0.047688687157755344,0.05717094310177631,0.13242791318296088,0.03902432584727911,0.03739201014329982,0.050794250541446366,0.04050221305730735,0.05039981984733308,0.0385839289248249,0.03744361358359614,0.03985724781509501
MFR,32_50_10,0.08276917148857396,0.18100553738468045,0.07752516166893296,0.05770102898311356,0.10117298828025222,0.03686378320214205,0.046402575886520386,0.19687877014461586,0.02608616677600016,0.022023064034689007,0.04075925281097261,0.026038197622550285,0.036766058043919914,0.021507134193178293,0.022813354087375365,0.02368775539248286
MFR,4_50_None,0.09658810528835618,0.11950108047054282,0.08577553564865652,0.055708544888785114,0.07583477890290795,0.0561492862387386,0.059196498452401214,0.1254906442134165,0.037174927816029865,0.0362239656261987,0.046578975002683286,0.03857051600473579,0.05173174290602986,0.03741713690992122,0.037818083098915434,0.04024017853168104
MFR,2_50_20,0.07557414143779123,0.1256574292661104,0.08971177190307589,0.06243810877225054,0.07849381825616611,0.04700414237804045,0.05761556498767588,0.13925327662481604,0.03915607135313725,0.035260021174514,0.04911058610863381,0.04002624396889713,0.05084596218162887,0.03658012239547337,0.0353601238398954,0.03791261535189368
MFR,16_100_5,0.1575774435065022,0.13358564877726278,0.09914916731617536,0.054699538869704266,0.08605825941105158,0.029784706358137836,0.032840546944230276,0.3092835308595349,0.005193251223882031,0.005521324717415338,0.026055548700713912,0.018123071767840476,0.025192814029361604,0.003048149786051981,0.005311559071608012,0.008575438660527507
MFR,4_50_20,0.0970748438387554,0.12205218278515753,0.0864946098488534,0.05475582193799327,0.076448561438404,0.05564518187545752,0.06001727808447074,0.1300372133440911,0.037216402217768,0.034178668694885575,0.04479175281070541,0.03835671081926053,0.0533009144339353,0.03511344193492176,0.036166719827422575,0.03834969610791792
MFR,16_50_20,0.07212182507402815,0.10013489015619077,0.09892665092746925,0.05448551899773088,0.09036385604095086,0.04616934914953095,0.055004317372886205,0.1601162447734089,0.037638155925407354,0.036302758737316074,0.04903518679930121,0.03985874382758718,0.04854259947703533,0.036917959807513445,0.03631882740211465,0.03806311553152879
MFR,32_100_5,0.122251861262025,0.18283994005343285,0.07202788639422038,0.06253625271263459,0.12411108146771689,0.02966874915753778,0.045845619063854336,0.27061340737207884,0.00406296218338846,0.003936428285178972,0.027721456932583148,0.010514579169859213,0.027603618889913088,0.002425083405922862,0.005974505202167159,0.007866568447486469
MFR,8_50_20,0.09258812876511648,0.12229843050347801,0.08071573468164989,0.055602070542222784,0.0809707733934667,0.04511445623575546,0.053767463928394044,0.14921258673697133,0.03769676380644975,0.037561181950368575,0.04781554691726181,0.04028038387988498,0.047268446688995935,0.0368208170109541,0.03481228498705971,0.03747492997197048
MFR,8_50_None,0.08849656365606359,0.12038593086478505,0.08319440253921911,0.055873109951539296,0.07892511746948903,0.04640434263875842,0.05479466986886897,0.14842275633581867,0.03785696169928256,0.03776434868721671,0.04749850387348045,0.04048574464891048,0.047216287378274505,0.03820665676515626,0.03577583188365992,0.038698771739476945
MFR,16_50_None,0.07303998997466885,0.09836457935821583,0.09003229740029163,0.053245083589708274,0.09333684509830772,0.04632687436552867,0.05544325842044638,0.16041190503611122,0.038270978586363434,0.03615187903239501,0.050204094840491,0.03950134575353172,0.05049020365067883,0.03896414264523471,0.03727382718760157,0.03894269506042519
MFR,32_50_20,0.07576397184989032,0.14179545512637076,0.07324909553402587,0.061459571242579045,0.08646913259670341,0.04071818853439131,0.05465556835401979,0.1524710189896609,0.036549776887840564,0.03415297645027783,0.044310015374801795,0.03989361862014416,0.04831855135317153,0.037026801001888626,0.035169031619660875,0.037997226464573236
MFR,4_100_10,0.1317353430000567,0.13442370750275162,0.0861458638734333,0.05224407361593569,0.0947873131690235,0.055661216257895337,0.05395618158910132,0.16470818339587934,0.023594360291887134,0.02184936590435378,0.03628999234076217,0.028858388978844927,0.04582886098212528,0.02099112896963943,0.022588791645473366,0.026337228482837007
MFR,2_100_10,0.10641491557873552,0.11850291571446575,0.09406761194521833,0.06589421871671632,0.08725671729733644,0.041862115482073525,0.05528924670269828,0.2074042724502587,0.02525424323421184,0.020845688619198825,0.04387448974218993,0.026182233485746415,0.04002310549732654,0.020813099188054636,0.021081635086920472,0.025233491258848568
MFR,32_50_None,0.07538787916951128,0.13687062080380927,0.07702692947570122,0.06099441427707436,0.08773627086041634,0.040377374050062434,0.0543730530494012,0.14742899337611762,0.0386171251179763,0.034047789546605374,0.04548194014073325,0.04014232045119462,0.04923698713488487,0.0382668618655633,0.0360807890528429,0.03793065162810563
MFR,8_100_10,0.12740909494581945,0.12489075056502283,0.080784972626612,0.06868218132267556,0.07854599584758101,0.053648017499749144,0.05238711409788817,0.18633870258379598,0.02465904175462373,0.023470437345349694,0.0392386939829217,0.02762908443907757,0.042958003794101,0.020709969094870943,0.022469017268061785,0.026178922831849447
MFR,16_100_10,0.11911646636193873,0.11501725902575728,0.09233370371409025,0.052398669969653616,0.08574094536372312,0.040128134863534004,0.05144437425470874,0.22141576380501055,0.024406688598834294,0.02202825182111892,0.040875979053880906,0.027485178450096192,0.03851932230162802,0.020388351159824705,0.021771369321988386,0.02692954193421228
MFR,32_100_10,0.10274002861250184,0.14427350911490558,0.07718634570258676,0.05822975405895469,0.10705983359258216,0.043131320738750735,0.04981923425567485,0.19859774449478987,0.02524245123505747,0.02164798333715236,0.038207266640994414,0.027355596144531993,0.037758733991448544,0.02169133999845442,0.022253037997905293,0.02480582008370896
MFR,2_100_None,0.087344221176996,0.09763443276572709,0.08391875162415183,0.062328664445933345,0.07648500118052183,0.04892918764012511,0.05668681368279746,0.1559316858085992,0.039573340891719065,0.03674694955096536,0.0504267547174928,0.04002906133182914,0.04879571470623482,0.03761554880164,0.03751463576433651,0.0400392359109305
MFR,2_100_20,0.0851770491139428,0.09896262973993661,0.08660433399242382,0.06318384705743575,0.07798010587301658,0.048694500989925164,0.05619635020327917,0.16244777320150444,0.03884846810523617,0.035250598918735276,0.048733208163333305,0.03935996326281421,0.04878705993560688,0.036208895739903775,0.03519050112027755,0.038374714582628575
MFR,8_100_20,0.0999677646954488,0.10374204071886817,0.07758182729337065,0.06496528029800289,0.07598886056763929,0.057103974744132494,0.0541567238959101,0.1447250118779374,0.03734846761022817,0.037224132551131245,0.04794631143736873,0.04019183529836635,0.0493303623539805,0.036620789761556645,0.0352426814633026,0.03786393543275597
MFR,16_100_20,0.10301799744072455,0.09457901072607539,0.08412549325186135,0.056348654368784626,0.077609445137701,0.04761935654155456,0.053901220123203364,0.16294337329083178,0.03805522073154711,0.0368246530378556,0.0476686870550624,0.038945579812349244,0.04808307548938789,0.03684363128522243,0.03580217691983275,0.037632424788006
MFR,8_100_None,0.09993306117826888,0.10433540993276624,0.07662067324330385,0.06635821153804317,0.07519495827328934,0.05449568064911751,0.05504443820663222,0.14200470169404547,0.037781753797004734,0.03759264080021769,0.04767102993229442,0.0404281958736923,0.049371203680313606,0.03835995274720998,0.035730748622343586,0.03907733983145708
MFR,4_100_None,0.10784871798089317,0.10395789597436578,0.07866954971522248,0.05305792302385438,0.08651794574293442,0.05554496711650984,0.058471043616901544,0.12914509141657865,0.038115799316533625,0.03622560359034627,0.046820280724003245,0.039811384862375766,0.050849815056574224,0.037808670501338716,0.037486051227256,0.03966926013431188
MFR,4_100_20,0.10913724811312772,0.106200146990914,0.07796782664990644,0.05389536421591069,0.08644886155330916,0.05711167637596107,0.05817753316260086,0.13241938359621533,0.037752762409106695,0.03450378253084798,0.04544421601863187,0.03958949409755741,0.050593929731073226,0.03572059961371914,0.0361513007422574,0.03888587419886103
MFR,32_100_20,0.08878856566447822,0.11566698837357052,0.0729990622872894,0.060367789460808494,0.0900269458647689,0.04612815662233503,0.05465521909762571,0.15510164439607854,0.03702849970257705,0.03449756539702361,0.04650911328288058,0.041345807589860756,0.045913809488013574,0.03727851372614099,0.03586640316990456,0.03782591587664407
MFR,32_100_None,0.08737723010532329,0.11346916163582936,0.07387296110428467,0.06101287352279988,0.09094809487328724,0.045797034300217976,0.05490159099240388,0.15117844838995248,0.03820112736099747,0.03503788433630259,0.04678109102706404,0.04061118542043616,0.04759742160561048,0.03802063936580126,0.03684588442269005,0.038347371536999166
MFR,16_100_None,0.09875301173612322,0.09675153650756607,0.07862162322444587,0.056488480919885294,0.07979951846392944,0.0485622966430857,0.054330233951679865,0.1596524981594683,0.038519812732244044,0.03691762671073805,0.04743878540014873,0.04078940368958831,0.05009226030735195,0.03757466633428059,0.03719326268978546,0.0385149825296791
MFR,8_1000_5,0.14778592838163046,0.16658167547845823,0.09013695081607477,0.0668481223946687,0.10940308195823098,0.048097307167437126,0.03647144073358914,0.2351799931707827,0.0055292732031291935,0.006363238274127063,0.029844298005037313,0.012577046812778755,0.029656407088963454,0.0031086971149534,0.004710157024523802,0.0077063823756149345
MFR,32_1000_5,0.1610805292679342,0.16005363609542564,0.08203063447076638,0.07029512862391174,0.10739284591015742,0.04078944684976261,0.03666414929146498,0.24623480245872337,0.004988754531959675,0.0053246665475748835,0.02812448678626343,0.012111642975635148,0.029243271710530132,0.0030151954346188926,0.005064119369389572,0.00758668967588193
MFR,16_1000_5,0.1515944739696396,0.15868333118479083,0.08850153375698029,0.06802542117126832,0.10071477416694394,0.042264571804898954,0.035685271228445316,0.2541533834341783,0.005515467156045958,0.00532913185527822,0.028834785090953045,0.0139810889549869,0.030683707773298423,0.0031875268983881234,0.005143337259194235,0.0077021942947096324
MFR,2_1000_5,0.14792933768818006,0.16065465315128796,0.09580623541979105,0.06192594406076474,0.1049004733127279,0.038323577957656965,0.03868276116353503,0.2513766580825237,0.005659729784436391,0.006174936987410795,0.02859494900485472,0.012860898625424964,0.03149429357367495,0.003008140543610938,0.0049336074424517,0.007673803201667997
MFR,4_1000_5,0.1739066630548174,0.1525981929711606,0.08424700689621652,0.06916483726791506,0.10142368919935688,0.04143225662402753,0.036791058483605595,0.2394269215583977,0.005504882984095639,0.0057923326672757154,0.02931062141556081,0.01289381198620169,0.03176043025059086,0.0030602953326227013,0.005176717773718168,0.007510281534437089
MFR,4_1000_10,0.13597492080250906,0.12299388786760879,0.08160721804332954,0.06477939435112623,0.08845547073029528,0.04871882949606076,0.04946371154803475,0.18393677488763507,0.0245013032461312,0.022922990028901784,0.03887490064578174,0.02816948938996555,0.040704149186596546,0.02064875339289419,0.02213899798594455,0.026109208397185047
MFR,16_1000_10,0.11838693806625532,0.1284435261656271,0.08478663011147487,0.06303055149040271,0.08954140212335347,0.051423285026991145,0.04942865213901463,0.18924249497241505,0.024856354524393654,0.02262877232246582,0.039507083737019666,0.028868800622953855,0.04030055566357657,0.020711150481785776,0.022529842768823454,0.02631395978344697
MFR,8_1000_10,0.1178445725156418,0.1319216345265931,0.08507525926076633,0.06271691297415435,0.09384958268830948,0.05348170080954136,0.05081289674193785,0.17796963383645423,0.02493023152685094,0.022948111498494992,0.039172506842338146,0.02847088768552516,0.04174647958029504,0.020574763564192924,0.022188779797775275,0.026296046151129026
MFR,32_1000_10,0.12616054296316576,0.13028522694713784,0.08028119370833546,0.06512184350814963,0.09245055180823843,0.04917219216207872,0.0493300658005532,0.1844673389106975,0.0246121822270334,0.02224253143074491,0.03893214618843092,0.028188059558500355,0.04031013222767911,0.021022309661033182,0.021822470684793777,0.025601212213427815
MFR,2_1000_10,0.11582230953376742,0.12760444277768251,0.0889460585974367,0.05983395633759751,0.09173818376992694,0.047212927254773635,0.05273964955513853,0.19187633198971998,0.024873933002490994,0.022757612166928797,0.03946648413423828,0.02849151931401018,0.04022899779888199,0.020556331503647014,0.02218407176941969,0.025667190494339825
MFR,8_1000_20,0.0957028418072067,0.10768221006113035,0.07912055343235748,0.06337999837899652,0.08329189200771563,0.056153185066764,0.05599404477152059,0.1388928050447318,0.03791407318522356,0.036358466166151425,0.047542723553779406,0.040319544427505294,0.0474637076158982,0.03666400348308173,0.03540607550744247,0.03811387549049478
MFR,2_1000_20,0.09632559752098084,0.10358287800931225,0.08044944317047151,0.060302941737312585,0.08267674403797677,0.052260409102118835,0.05663656947201124,0.14751407562170282,0.037953076127958396,0.03590811929918418,0.04729709444150496,0.04001773904477927,0.048474479967748174,0.03674584672048927,0.035499530195577236,0.03835545553087159
MFR,8_1000_None,0.09417898883885002,0.10583826760699575,0.07854096999303031,0.06286707718681224,0.0831679847177,0.05628711123556612,0.05566824991298381,0.13633156423029513,0.038529055923800834,0.037316864517414595,0.04849404517617417,0.04085719491484272,0.04832261519793765,0.03830203386822719,0.036289756458174324,0.03900822022119509
MFR,2_1000_None,0.0963537244634165,0.1018057505291982,0.07907027028727284,0.060168586837342664,0.08193023470546303,0.052648760020472335,0.05695216543840024,0.14383190143108268,0.03922566571755155,0.036908742587414105,0.048184717272127364,0.04032219710406269,0.04853469856754892,0.03786072673221051,0.03676875445367126,0.039433103852764995
MFR,4_1000_20,0.10866825452727062,0.10179825526763828,0.07554398089370028,0.06375947095125047,0.08064127264841796,0.05281788260874958,0.056022172855482076,0.14180387149617354,0.03765263499042843,0.03586135129329401,0.046304703019974164,0.039462656666143944,0.04904724267190539,0.03670968295741883,0.03534274446120386,0.038563822690948504
MFR,16_1000_None,0.09639965666956318,0.10393626585313488,0.07763571457314396,0.06307638972526804,0.0812105651079718,0.05354124411603843,0.05599048882864801,0.14154016891506588,0.03871270790953889,0.036415878953456673,0.047983654596789715,0.04096975218774655,0.048620549368828814,0.037827766175310536,0.03689408953748723,0.039245107482007234
MFR,16_1000_20,0.09905442882639459,0.10452396147090415,0.077698577291946,0.06278258516174984,0.08155781100101167,0.05321010592358473,0.05560064489040095,0.14518943935700532,0.037687687799176826,0.035794786262116504,0.047743329699286255,0.040491139592249585,0.04793702418641701,0.03679137447436414,0.035597656153647406,0.03833944790974509
MFR,4_1000_None,0.10684021731339531,0.10032673521957654,0.07430940263386515,0.06378124868507538,0.07980673334867386,0.052795164696796446,0.05641185406528411,0.1384781935837954,0.0388745524442515,0.037044049957886224,0.04686516466433784,0.04069608657604694,0.04979169119000858,0.03820226556523067,0.03650850018018361,0.03926813987559233
MFR,32_1000_20,0.10269576946526865,0.10677423658492118,0.07435221390151853,0.06447404686779855,0.08227742238253302,0.05291678903279242,0.054871078632377585,0.143695517121633,0.03753941726808806,0.03541742077992396,0.047152066093741465,0.03989127198375584,0.047505715824737664,0.036693285371867605,0.035487606805982085,0.038256141883060354
MFR,32_1000_None,0.10109721216797515,0.10376026767310494,0.07487946944621648,0.06417797931472995,0.0821151001582836,0.053635821422523725,0.055384370746528,0.13982831336788648,0.038646645763400024,0.03618532276857516,0.047628101459559626,0.04057647893799058,0.04822773141029121,0.0377384404182898,0.03697424969489636,0.039144495249748834
MFR,2_50_5,0.10280838043990614,0.21018931886581077,0.12060587623613436,0.06691190926066755,0.09995403328805176,0.025511462366881853,0.042699738957927,0.22675091617513657,0.005546957607376252,0.004258084725997327,0.03604675213316345,0.013107321957638975,0.030291046018464603,0.003410470166286467,0.004797671454661002,0.0071100603458960476
MFR,8_50_5,0.1301641916611703,0.20150615615648568,0.0896137666333992,0.05461622051334716,0.09101086062334378,0.03176294984139913,0.047951170208313014,0.25477813707819097,0.003961788801677545,0.006592235286507905,0.034432572905028665,0.0073263142367806545,0.030375126792719788,0.002627159349754428,0.003594023677122618,0.009687326234759215
MFR,4_50_5,0.14955655905382315,0.2002980535775981,0.12325454801914391,0.05013832801609889,0.0806471574754273,0.04960831096561672,0.03969331031335408,0.20829321780100207,0.005618649356441096,0.004359036385559505,0.01912211167444612,0.017255785688929836,0.036327481879467674,0.0017494522151328964,0.004790649520081389,0.009287348057877327
MFR,16_50_5,0.10164072198897924,0.1510630757684813,0.1153135688012851,0.0475789418166215,0.1143172144128651,0.026870566967627622,0.03911192096243346,0.3038639076358066,0.005444472186202084,0.004029183316204038,0.025563181975927236,0.020236158996501268,0.02726441930658782,0.003163602233494878,0.005491883680001135,0.00904717995098161
MFR,4_50_10,0.12610764348023656,0.1524795563120687,0.0989033510815602,0.05206297265078803,0.07617126967722457,0.05664217978777,0.05360010676308756,0.1611715188089791,0.02282925920317988,0.02062695044653014,0.03606009412395453,0.029666463224957036,0.04471220318288669,0.02005426115239741,0.02286025022489972,0.02605191987947994
MFR,32_50_5,0.09135218969669757,0.24018060343380288,0.06926875093568774,0.06404304394278017,0.11606469571161242,0.018038839377660112,0.03847415454885455,0.27569136687150564,0.00402663773352045,0.004153308299125897,0.02996111742128051,0.008386568024243665,0.025684959256663198,0.002492465212645901,0.004824344732020175,0.007356954801899196
MFR,8_50_10,0.11026981829959956,0.15280946994473277,0.08424107113943285,0.05364340185259224,0.08656174706611207,0.03797944482843353,0.056160071074153634,0.19364227512706095,0.025268928525743396,0.023773468924321816,0.04044038683432893,0.028240457193457184,0.040189287911829734,0.020073069843884753,0.02184097722770514,0.024866124206611426
MFR,2_50_10,0.09618768719442274,0.16012965211837024,0.09753310456180644,0.0657930517816118,0.08727791057681308,0.039808377004997376,0.055749360222941496,0.16531311193430487,0.024063726544902117,0.02074489549590145,0.05016867401436688,0.026731329263841988,0.04199974829577417,0.021332081079989195,0.021757601357291875,0.025409688552664293
MFR,4_100_5,0.17058006896021666,0.1647910999069561,0.09399038940141827,0.0454146595038956,0.10881806021027791,0.05333216770896347,0.041015252002326516,0.21985230741103723,0.005800619845230024,0.004747290684486079,0.026730221062197135,0.014889993806212145,0.033539891727369014,0.0025428241951929455,0.005115423827563617,0.00883972974665736
MFR,8_100_5,0.1502495467030892,0.1549011555969936,0.09037477985576878,0.07431583198407338,0.08471477884390557,0.05089450424558065,0.042261674521429135,0.25130240935856646,0.004344918443484232,0.007076264950989223,0.028598203296529054,0.011381276179574861,0.03377514810907575,0.0030803564318034994,0.0042673192749223855,0.00846183220421424
MFR,16_50_10,0.08367803225349818,0.12940064382146454,0.10633415153095024,0.04544864531988253,0.10206593268019482,0.03754820032401161,0.05454224701423653,0.2156337895020148,0.024154776342276918,0.020893239006954348,0.04268900537291283,0.027580897151579555,0.04056361258054534,0.02064486402022879,0.021113781142341394,0.027708181936907564
MFR,32_50_10,0.08276917148857396,0.18100553738468045,0.07752516166893296,0.05770102898311356,0.10117298828025222,0.03686378320214205,0.046402575886520386,0.19687877014461586,0.02608616677600016,0.022023064034689007,0.04075925281097261,0.026038197622550285,0.036766058043919914,0.021507134193178293,0.022813354087375365,0.02368775539248286
MFR,2_100_5,0.1339627966326419,0.14636014233045377,0.11100820984612918,0.07423749546599177,0.09199575030038187,0.03022113851772965,0.04242134312536439,0.2719518022789797,0.006186087579778637,0.004413998675077785,0.03098632902763741,0.01331683749476195,0.028482007014953712,0.003173994678298961,0.004503372710491683,0.006778694321327713
MFR,4_50_20,0.0970748438387554,0.12205218278515753,0.0864946098488534,0.05475582193799327,0.076448561438404,0.05564518187545752,0.06001727808447074,0.1300372133440911,0.037216402217768,0.034178668694885575,0.04479175281070541,0.03835671081926053,0.0533009144339353,0.03511344193492176,0.036166719827422575,0.03834969610791792
MFR,2_50_None,0.08110784177433189,0.12207510116353497,0.08699081110682311,0.061585900509478105,0.0769553922431576,0.047688687157755344,0.05717094310177631,0.13242791318296088,0.03902432584727911,0.03739201014329982,0.050794250541446366,0.04050221305730735,0.05039981984733308,0.0385839289248249,0.03744361358359614,0.03985724781509501
MFR,2_50_20,0.07557414143779123,0.1256574292661104,0.08971177190307589,0.06243810877225054,0.07849381825616611,0.04700414237804045,0.05761556498767588,0.13925327662481604,0.03915607135313725,0.035260021174514,0.04911058610863381,0.04002624396889713,0.05084596218162887,0.03658012239547337,0.0353601238398954,0.03791261535189368
MFR,16_100_5,0.1575774435065022,0.13358564877726278,0.09914916731617536,0.054699538869704266,0.08605825941105158,0.029784706358137836,0.032840546944230276,0.3092835308595349,0.005193251223882031,0.005521324717415338,0.026055548700713912,0.018123071767840476,0.025192814029361604,0.003048149786051981,0.005311559071608012,0.008575438660527507
MFR,4_50_None,0.09658810528835618,0.11950108047054282,0.08577553564865652,0.055708544888785114,0.07583477890290795,0.0561492862387386,0.059196498452401214,0.1254906442134165,0.037174927816029865,0.0362239656261987,0.046578975002683286,0.03857051600473579,0.05173174290602986,0.03741713690992122,0.037818083098915434,0.04024017853168104
MFR,32_100_5,0.122251861262025,0.18283994005343285,0.07202788639422038,0.06253625271263459,0.12411108146771689,0.02966874915753778,0.045845619063854336,0.27061340737207884,0.00406296218338846,0.003936428285178972,0.027721456932583148,0.010514579169859213,0.027603618889913088,0.002425083405922862,0.005974505202167159,0.007866568447486469
MFR,8_50_None,0.08849656365606359,0.12038593086478505,0.08319440253921911,0.055873109951539296,0.07892511746948903,0.04640434263875842,0.05479466986886897,0.14842275633581867,0.03785696169928256,0.03776434868721671,0.04749850387348045,0.04048574464891048,0.047216287378274505,0.03820665676515626,0.03577583188365992,0.038698771739476945
MFR,16_50_20,0.07212182507402815,0.10013489015619077,0.09892665092746925,0.05448551899773088,0.09036385604095086,0.04616934914953095,0.055004317372886205,0.1601162447734089,0.037638155925407354,0.036302758737316074,0.04903518679930121,0.03985874382758718,0.04854259947703533,0.036917959807513445,0.03631882740211465,0.03806311553152879
MFR,32_50_None,0.07538787916951128,0.13687062080380927,0.07702692947570122,0.06099441427707436,0.08773627086041634,0.040377374050062434,0.0543730530494012,0.14742899337611762,0.0386171251179763,0.034047789546605374,0.04548194014073325,0.04014232045119462,0.04923698713488487,0.0382668618655633,0.0360807890528429,0.03793065162810563
MFR,32_50_20,0.07576397184989032,0.14179545512637076,0.07324909553402587,0.061459571242579045,0.08646913259670341,0.04071818853439131,0.05465556835401979,0.1524710189896609,0.036549776887840564,0.03415297645027783,0.044310015374801795,0.03989361862014416,0.04831855135317153,0.037026801001888626,0.035169031619660875,0.037997226464573236
MFR,16_50_None,0.07303998997466885,0.09836457935821583,0.09003229740029163,0.053245083589708274,0.09333684509830772,0.04632687436552867,0.05544325842044638,0.16041190503611122,0.038270978586363434,0.03615187903239501,0.050204094840491,0.03950134575353172,0.05049020365067883,0.03896414264523471,0.03727382718760157,0.03894269506042519
MFR,2_100_10,0.10641491557873552,0.11850291571446575,0.09406761194521833,0.06589421871671632,0.08725671729733644,0.041862115482073525,0.05528924670269828,0.2074042724502587,0.02525424323421184,0.020845688619198825,0.04387448974218993,0.026182233485746415,0.04002310549732654,0.020813099188054636,0.021081635086920472,0.025233491258848568
MFR,8_50_20,0.09258812876511648,0.12229843050347801,0.08071573468164989,0.055602070542222784,0.0809707733934667,0.04511445623575546,0.053767463928394044,0.14921258673697133,0.03769676380644975,0.037561181950368575,0.04781554691726181,0.04028038387988498,0.047268446688995935,0.0368208170109541,0.03481228498705971,0.03747492997197048
MFR,8_100_10,0.12740909494581945,0.12489075056502283,0.080784972626612,0.06868218132267556,0.07854599584758101,0.053648017499749144,0.05238711409788817,0.18633870258379598,0.02465904175462373,0.023470437345349694,0.0392386939829217,0.02762908443907757,0.042958003794101,0.020709969094870943,0.022469017268061785,0.026178922831849447
MFR,16_100_10,0.11911646636193873,0.11501725902575728,0.09233370371409025,0.052398669969653616,0.08574094536372312,0.040128134863534004,0.05144437425470874,0.22141576380501055,0.024406688598834294,0.02202825182111892,0.040875979053880906,0.027485178450096192,0.03851932230162802,0.020388351159824705,0.021771369321988386,0.02692954193421228
MFR,4_100_10,0.1317353430000567,0.13442370750275162,0.0861458638734333,0.05224407361593569,0.0947873131690235,0.055661216257895337,0.05395618158910132,0.16470818339587934,0.023594360291887134,0.02184936590435378,0.03628999234076217,0.028858388978844927,0.04582886098212528,0.02099112896963943,0.022588791645473366,0.026337228482837007
MFR,32_100_10,0.10274002861250184,0.14427350911490558,0.07718634570258676,0.05822975405895469,0.10705983359258216,0.043131320738750735,0.04981923425567485,0.19859774449478987,0.02524245123505747,0.02164798333715236,0.038207266640994414,0.027355596144531993,0.037758733991448544,0.02169133999845442,0.022253037997905293,0.02480582008370896
MFR,2_100_20,0.0851770491139428,0.09896262973993661,0.08660433399242382,0.06318384705743575,0.07798010587301658,0.048694500989925164,0.05619635020327917,0.16244777320150444,0.03884846810523617,0.035250598918735276,0.048733208163333305,0.03935996326281421,0.04878705993560688,0.036208895739903775,0.03519050112027755,0.038374714582628575
MFR,4_100_None,0.10784871798089317,0.10395789597436578,0.07866954971522248,0.05305792302385438,0.08651794574293442,0.05554496711650984,0.058471043616901544,0.12914509141657865,0.038115799316533625,0.03622560359034627,0.046820280724003245,0.039811384862375766,0.050849815056574224,0.037808670501338716,0.037486051227256,0.03966926013431188
MFR,8_100_None,0.09993306117826888,0.10433540993276624,0.07662067324330385,0.06635821153804317,0.07519495827328934,0.05449568064911751,0.05504443820663222,0.14200470169404547,0.037781753797004734,0.03759264080021769,0.04767102993229442,0.0404281958736923,0.049371203680313606,0.03835995274720998,0.035730748622343586,0.03907733983145708
MFR,8_100_20,0.0999677646954488,0.10374204071886817,0.07758182729337065,0.06496528029800289,0.07598886056763929,0.057103974744132494,0.0541567238959101,0.1447250118779374,0.03734846761022817,0.037224132551131245,0.04794631143736873,0.04019183529836635,0.0493303623539805,0.036620789761556645,0.0352426814633026,0.03786393543275597
MFR,16_100_20,0.10301799744072455,0.09457901072607539,0.08412549325186135,0.056348654368784626,0.077609445137701,0.04761935654155456,0.053901220123203364,0.16294337329083178,0.03805522073154711,0.0368246530378556,0.0476686870550624,0.038945579812349244,0.04808307548938789,0.03684363128522243,0.03580217691983275,0.037632424788006
MFR,32_100_None,0.08737723010532329,0.11346916163582936,0.07387296110428467,0.06101287352279988,0.09094809487328724,0.045797034300217976,0.05490159099240388,0.15117844838995248,0.03820112736099747,0.03503788433630259,0.04678109102706404,0.04061118542043616,0.04759742160561048,0.03802063936580126,0.03684588442269005,0.038347371536999166
MFR,2_100_None,0.087344221176996,0.09763443276572709,0.08391875162415183,0.062328664445933345,0.07648500118052183,0.04892918764012511,0.05668681368279746,0.1559316858085992,0.039573340891719065,0.03674694955096536,0.0504267547174928,0.04002906133182914,0.04879571470623482,0.03761554880164,0.03751463576433651,0.0400392359109305
MFR,16_100_None,0.09875301173612322,0.09675153650756607,0.07862162322444587,0.056488480919885294,0.07979951846392944,0.0485622966430857,0.054330233951679865,0.1596524981594683,0.038519812732244044,0.03691762671073805,0.04743878540014873,0.04078940368958831,0.05009226030735195,0.03757466633428059,0.03719326268978546,0.0385149825296791
MFR,4_100_20,0.10913724811312772,0.106200146990914,0.07796782664990644,0.05389536421591069,0.08644886155330916,0.05711167637596107,0.05817753316260086,0.13241938359621533,0.037752762409106695,0.03450378253084798,0.04544421601863187,0.03958949409755741,0.050593929731073226,0.03572059961371914,0.0361513007422574,0.03888587419886103
MFR,32_100_20,0.08878856566447822,0.11566698837357052,0.0729990622872894,0.060367789460808494,0.0900269458647689,0.04612815662233503,0.05465521909762571,0.15510164439607854,0.03702849970257705,0.03449756539702361,0.04650911328288058,0.041345807589860756,0.045913809488013574,0.03727851372614099,0.03586640316990456,0.03782591587664407
MFR,4_1000_5,0.1739066630548174,0.1525981929711606,0.08424700689621652,0.06916483726791506,0.10142368919935688,0.04143225662402753,0.036791058483605595,0.2394269215583977,0.005504882984095639,0.0057923326672757154,0.02931062141556081,0.01289381198620169,0.03176043025059086,0.0030602953326227013,0.005176717773718168,0.007510281534437089
MFR,2_1000_5,0.14792933768818006,0.16065465315128796,0.09580623541979105,0.06192594406076474,0.1049004733127279,0.038323577957656965,0.03868276116353503,0.2513766580825237,0.005659729784436391,0.006174936987410795,0.02859494900485472,0.012860898625424964,0.03149429357367495,0.003008140543610938,0.0049336074424517,0.007673803201667997
MFR,8_1000_5,0.14778592838163046,0.16658167547845823,0.09013695081607477,0.0668481223946687,0.10940308195823098,0.048097307167437126,0.03647144073358914,0.2351799931707827,0.0055292732031291935,0.006363238274127063,0.029844298005037313,0.012577046812778755,0.029656407088963454,0.0031086971149534,0.004710157024523802,0.0077063823756149345
MFR,16_1000_5,0.1515944739696396,0.15868333118479083,0.08850153375698029,0.06802542117126832,0.10071477416694394,0.042264571804898954,0.035685271228445316,0.2541533834341783,0.005515467156045958,0.00532913185527822,0.028834785090953045,0.0139810889549869,0.030683707773298423,0.0031875268983881234,0.005143337259194235,0.0077021942947096324
MFR,32_1000_5,0.1610805292679342,0.16005363609542564,0.08203063447076638,0.07029512862391174,0.10739284591015742,0.04078944684976261,0.03666414929146498,0.24623480245872337,0.004988754531959675,0.0053246665475748835,0.02812448678626343,0.012111642975635148,0.029243271710530132,0.0030151954346188926,0.005064119369389572,0.00758668967588193
MFR,4_1000_10,0.13597492080250906,0.12299388786760879,0.08160721804332954,0.06477939435112623,0.08845547073029528,0.04871882949606076,0.04946371154803475,0.18393677488763507,0.0245013032461312,0.022922990028901784,0.03887490064578174,0.02816948938996555,0.040704149186596546,0.02064875339289419,0.02213899798594455,0.026109208397185047
MFR,16_1000_10,0.11838693806625532,0.1284435261656271,0.08478663011147487,0.06303055149040271,0.08954140212335347,0.051423285026991145,0.04942865213901463,0.18924249497241505,0.024856354524393654,0.02262877232246582,0.039507083737019666,0.028868800622953855,0.04030055566357657,0.020711150481785776,0.022529842768823454,0.02631395978344697
MFR,2_1000_10,0.11582230953376742,0.12760444277768251,0.0889460585974367,0.05983395633759751,0.09173818376992694,0.047212927254773635,0.05273964955513853,0.19187633198971998,0.024873933002490994,0.022757612166928797,0.03946648413423828,0.02849151931401018,0.04022899779888199,0.020556331503647014,0.02218407176941969,0.025667190494339825
MFR,8_1000_10,0.1178445725156418,0.1319216345265931,0.08507525926076633,0.06271691297415435,0.09384958268830948,0.05348170080954136,0.05081289674193785,0.17796963383645423,0.02493023152685094,0.022948111498494992,0.039172506842338146,0.02847088768552516,0.04174647958029504,0.020574763564192924,0.022188779797775275,0.026296046151129026
MFR,32_1000_10,0.12616054296316576,0.13028522694713784,0.08028119370833546,0.06512184350814963,0.09245055180823843,0.04917219216207872,0.0493300658005532,0.1844673389106975,0.0246121822270334,0.02224253143074491,0.03893214618843092,0.028188059558500355,0.04031013222767911,0.021022309661033182,0.021822470684793777,0.025601212213427815
MFR,2_1000_20,0.09632559752098084,0.10358287800931225,0.08044944317047151,0.060302941737312585,0.08267674403797677,0.052260409102118835,0.05663656947201124,0.14751407562170282,0.037953076127958396,0.03590811929918418,0.04729709444150496,0.04001773904477927,0.048474479967748174,0.03674584672048927,0.035499530195577236,0.03835545553087159
MFR,16_1000_20,0.09905442882639459,0.10452396147090415,0.077698577291946,0.06278258516174984,0.08155781100101167,0.05321010592358473,0.05560064489040095,0.14518943935700532,0.037687687799176826,0.035794786262116504,0.047743329699286255,0.040491139592249585,0.04793702418641701,0.03679137447436414,0.035597656153647406,0.03833944790974509
MFR,8_1000_20,0.0957028418072067,0.10768221006113035,0.07912055343235748,0.06337999837899652,0.08329189200771563,0.056153185066764,0.05599404477152059,0.1388928050447318,0.03791407318522356,0.036358466166151425,0.047542723553779406,0.040319544427505294,0.0474637076158982,0.03666400348308173,0.03540607550744247,0.03811387549049478
MFR,4_1000_20,0.10866825452727062,0.10179825526763828,0.07554398089370028,0.06375947095125047,0.08064127264841796,0.05281788260874958,0.056022172855482076,0.14180387149617354,0.03765263499042843,0.03586135129329401,0.046304703019974164,0.039462656666143944,0.04904724267190539,0.03670968295741883,0.03534274446120386,0.038563822690948504
MFR,8_1000_None,0.09417898883885002,0.10583826760699575,0.07854096999303031,0.06286707718681224,0.0831679847177,0.05628711123556612,0.05566824991298381,0.13633156423029513,0.038529055923800834,0.037316864517414595,0.04849404517617417,0.04085719491484272,0.04832261519793765,0.03830203386822719,0.036289756458174324,0.03900822022119509
MFR,32_1000_20,0.10269576946526865,0.10677423658492118,0.07435221390151853,0.06447404686779855,0.08227742238253302,0.05291678903279242,0.054871078632377585,0.143695517121633,0.03753941726808806,0.03541742077992396,0.047152066093741465,0.03989127198375584,0.047505715824737664,0.036693285371867605,0.035487606805982085,0.038256141883060354
MFR,2_1000_None,0.0963537244634165,0.1018057505291982,0.07907027028727284,0.060168586837342664,0.08193023470546303,0.052648760020472335,0.05695216543840024,0.14383190143108268,0.03922566571755155,0.036908742587414105,0.048184717272127364,0.04032219710406269,0.04853469856754892,0.03786072673221051,0.03676875445367126,0.039433103852764995
MFR,16_1000_None,0.09639965666956318,0.10393626585313488,0.07763571457314396,0.06307638972526804,0.0812105651079718,0.05354124411603843,0.05599048882864801,0.14154016891506588,0.03871270790953889,0.036415878953456673,0.047983654596789715,0.04096975218774655,0.048620549368828814,0.037827766175310536,0.03689408953748723,0.039245107482007234
MFR,4_1000_None,0.10684021731339531,0.10032673521957654,0.07430940263386515,0.06378124868507538,0.07980673334867386,0.052795164696796446,0.05641185406528411,0.1384781935837954,0.0388745524442515,0.037044049957886224,0.04686516466433784,0.04069608657604694,0.04979169119000858,0.03820226556523067,0.03650850018018361,0.03926813987559233
MFR,32_1000_None,0.10109721216797515,0.10376026767310494,0.07487946944621648,0.06417797931472995,0.0821151001582836,0.053635821422523725,0.055384370746528,0.13982831336788648,0.038646645763400024,0.03618532276857516,0.047628101459559626,0.04057647893799058,0.04822773141029121,0.0377384404182898,0.03697424969489636,0.039144495249748834
