HARPNUM,Interval Start,Interval End,NOAA_AR
49,2010-06-12 05:30:00,2010-06-13 05:30:00,11079
51,2010-06-11 03:57:00,2010-06-12 03:57:00,11080
51,2010-06-12 07:05:00,2010-06-13 07:05:00,11080
54,2010-06-11 00:30:00,2010-06-14 00:44:00,11081
86,2010-07-07 22:03:00,2010-07-09 19:26:00,11087
86,2010-07-12 10:43:00,2010-07-13 10:43:00,11087
86,2010-07-16 17:27:00,2010-07-17 17:27:00,11087
92,2010-07-19 13:38:00,2010-07-20 13:38:00,11089
92,2010-07-26 04:12:00,2010-07-27 04:12:00,11089
92,2010-07-27 20:33:00,2010-07-28 20:33:00,11089
104,2010-07-31 07:55:00,2010-08-01 07:55:00,11092
156,2010-09-05 14:54:00,2010-09-06 14:54:00,11105
156,2010-09-07 23:05:00,2010-09-08 23:05:00,11105
185,2010-09-16 01:17:00,2010-09-17 01:17:00,11108
187,2010-09-19 19:34:00,2010-09-21 07:38:00,11109
187,2010-10-03 16:28:00,2010-10-04 16:28:00,11109
190,2010-09-27 09:38:00,2010-09-28 22:05:00,11110
211,2010-10-15 19:07:00,2010-10-19 09:24:00,11112
211,2010-10-19 11:42:00,2010-10-20 11:42:00,11112
226,2010-10-24 22:06:00,2010-10-25 22:06:00,11117
226,2010-10-26 16:59:00,2010-10-27 16:59:00,11117
226,2010-10-30 03:13:00,2010-10-31 04:26:00,11117
226,2010-10-31 04:36:00,2010-11-01 04:36:00,11117
224,2010-10-25 08:09:00,2010-10-26 08:09:00,11119
274,2010-11-30 06:15:00,2010-12-01 06:15:00,11130
297,2010-12-14 06:27:00,2010-12-15 06:27:00,11135
318,2010-12-30 04:18:00,2010-12-31 04:18:00,11138
325,2011-01-03 03:19:00,2011-01-04 03:19:00,11141
327,2011-01-02 23:26:00,2011-01-03 23:26:00,11142
362,2011-02-07 18:46:00,2011-02-09 01:23:00,11153
362,2011-02-09 06:20:00,2011-02-10 13:33:00,11153
377,2011-02-12 12:29:00,2011-02-19 21:07:00,11158
377,2011-02-20 02:13:00,2011-02-21 15:39:00,11158
371,2011-02-11 14:30:00,2011-02-12 14:30:00,11159
392,2011-02-23 07:23:00,2011-02-25 05:40:00,11163
392,2011-03-03 17:15:00,2011-03-05 12:46:00,11163
393,2011-02-24 17:18:00,2011-02-27 03:49:00,11164
393,2011-02-27 05:24:00,2011-03-02 13:11:00,11164
393,2011-03-02 14:12:00,2011-03-04 13:57:00,11164
393,2011-03-04 20:05:00,2011-03-07 19:43:00,11164
393,2011-03-08 01:52:00,2011-03-09 01:52:00,11164
394,2011-03-04 01:05:00,2011-03-08 23:32:00,11165
401,2011-03-05 11:56:00,2011-03-07 13:45:00,11166
401,2011-03-07 23:10:00,2011-03-14 00:13:00,11166
401,2011-03-14 05:04:00,2011-03-15 05:04:00,11166
407,2011-03-04 20:51:00,2011-03-06 13:31:00,11169
407,2011-03-08 16:42:00,2011-03-09 21:03:00,11169
407,2011-03-11 10:21:00,2011-03-16 17:52:00,11169
414,2011-03-07 09:32:00,2011-03-08 09:32:00,11170
414,2011-03-08 15:42:00,2011-03-10 09:07:00,11170
415,2011-03-07 03:37:00,2011-03-09 02:30:00,11171
443,2011-03-26 23:18:00,2011-03-27 23:18:00,11181
451,2011-03-28 05:11:00,2011-03-31 01:57:00,11183
451,2011-04-02 05:01:00,2011-04-03 05:01:00,11183
466,2011-04-08 14:48:00,2011-04-09 14:48:00,11184
540,2011-04-27 11:51:00,2011-04-28 11:51:00,11199
540,2011-04-29 08:11:00,2011-04-30 08:55:00,11199
540,2011-04-30 23:25:00,2011-05-02 14:01:00,11199
532,2011-04-26 02:26:00,2011-04-27 02:26:00,11201
587,2011-05-14 14:11:00,2011-05-15 23:25:00,11208
580,2011-05-08 05:11:00,2011-05-09 17:31:00,11210
605,2011-05-28 01:33:00,2011-05-29 05:26:00,11216
610,2011-05-17 12:48:00,2011-05-18 12:48:00,11218
625,2011-05-24 20:56:00,2011-05-25 21:50:00,11223
650,2011-06-01 10:22:00,2011-06-02 10:22:00,11232
661,2011-06-08 10:20:00,2011-06-09 10:20:00,11234
661,2011-06-14 14:19:00,2011-06-15 14:19:00,11234
661,2011-06-16 21:58:00,2011-06-17 23:37:00,11234
661,2011-06-18 15:17:00,2011-06-19 15:17:00,11234
667,2011-06-12 00:49:00,2011-06-16 15:37:00,11236
667,2011-06-20 01:22:00,2011-06-21 01:22:00,11236
685,2011-07-06 02:31:00,2011-07-07 02:31:00,11243
684,2011-07-02 10:54:00,2011-07-03 10:54:00,11244
695,2011-07-07 09:39:00,2011-07-08 14:56:00,11247
695,2011-07-11 14:44:00,2011-07-12 14:44:00,11247
702,2011-07-10 10:47:00,2011-07-11 10:47:00,11249
725,2011-07-17 10:19:00,2011-07-18 10:19:00,11254
746,2011-07-25 03:17:00,2011-07-29 05:29:00,11260
746,2011-08-04 03:32:00,2011-08-05 03:32:00,11260
750,2011-07-27 17:59:00,2011-07-30 02:04:00,11261
750,2011-07-30 02:46:00,2011-08-05 19:41:00,11261
744,2011-07-26 22:11:00,2011-07-28 06:56:00,11262
753,2011-07-28 13:45:00,2011-07-29 13:45:00,11263
753,2011-07-30 17:57:00,2011-08-01 00:39:00,11263
753,2011-08-01 03:10:00,2011-08-11 09:34:00,11263
748,2011-07-29 12:11:00,2011-07-30 12:11:00,11265
748,2011-07-30 19:01:00,2011-07-31 19:01:00,11265
764,2011-08-04 05:56:00,2011-08-05 05:56:00,11267
764,2011-08-05 08:37:00,2011-08-07 08:24:00,11267
798,2011-08-14 11:10:00,2011-08-15 11:10:00,11272
798,2011-08-16 01:44:00,2011-08-18 06:40:00,11272
798,2011-08-20 18:15:00,2011-08-21 23:10:00,11272
824,2011-08-29 22:02:00,2011-08-30 22:02:00,11281
824,2011-09-01 15:09:00,2011-09-03 20:04:00,11281
824,2011-12-21 13:04:00,2011-12-22 13:04:00,11281
833,2011-08-30 11:16:00,2011-08-31 11:16:00,11283
833,2011-08-31 12:42:00,2011-09-01 18:13:00,11283
833,2011-09-05 01:35:00,2011-09-06 22:12:00,11283
833,2011-09-06 22:13:00,2011-09-10 07:18:00,11283
833,2011-09-10 08:41:00,2011-09-11 21:19:00,11283
843,2011-09-02 22:08:00,2011-09-03 22:08:00,11287
850,2011-09-15 11:30:00,2011-09-17 08:05:00,11290
853,2011-09-11 02:22:00,2011-09-12 03:24:00,11292
869,2011-09-13 08:29:00,2011-09-16 19:26:00,11297
878,2011-09-17 07:32:00,2011-09-18 07:32:00,11301
878,2011-09-18 15:35:00,2011-09-21 11:17:00,11301
892,2011-09-20 12:04:00,2011-09-22 10:29:00,11302
892,2011-09-22 15:01:00,2011-10-03 02:34:00,11302
892,2011-10-03 08:56:00,2011-10-05 00:11:00,11302
899,2011-09-23 21:23:00,2011-09-26 01:39:00,11303
902,2011-09-28 10:19:00,2011-10-02 21:20:00,11305
902,2011-10-05 22:06:00,2011-10-07 00:42:00,11305
909,2011-09-29 18:42:00,2011-09-30 18:42:00,11307
918,2011-10-07 04:13:00,2011-10-08 04:13:00,11309
950,2011-10-10 23:19:00,2011-10-12 09:46:00,11316
950,2011-10-13 06:26:00,2011-10-14 15:09:00,11316
950,2011-10-14 18:13:00,2011-10-15 18:13:00,11316
956,2011-10-14 04:19:00,2011-10-15 04:19:00,11318
1075,2011-11-12 09:17:00,2011-11-14 23:42:00,11347
1089,2011-11-16 13:53:00,2011-11-17 13:53:00,11352
1092,2011-11-17 17:07:00,2011-11-22 00:33:00,11354
1092,2011-11-25 16:14:00,2011-11-26 16:14:00,11354
1080,2011-11-19 07:16:00,2011-11-20 07:16:00,11357
1080,2011-11-22 05:23:00,2011-11-23 05:23:00,11357
1080,2011-11-23 20:12:00,2011-11-24 20:12:00,11357
1080,2011-11-25 08:00:00,2011-11-26 15:00:00,11357
1113,2011-11-22 07:20:00,2011-11-23 07:20:00,11358
1113,2011-11-25 17:12:00,2011-11-27 11:59:00,11358
1090,2011-11-24 03:38:00,2011-11-25 21:49:00,11359
1119,2011-11-27 18:22:00,2011-11-29 03:25:00,11361
1119,2011-11-30 20:27:00,2011-12-01 20:27:00,11361
1120,2011-11-27 22:56:00,2011-11-30 01:54:00,11362
1120,2011-12-03 16:05:00,2011-12-05 13:40:00,11362
1149,2011-12-03 19:37:00,2011-12-05 04:47:00,11367
1149,2011-12-11 23:31:00,2011-12-14 22:38:00,11367
1164,2011-12-04 07:49:00,2011-12-05 07:49:00,11368
1168,2011-12-07 00:05:00,2011-12-08 00:05:00,11374
1168,2011-12-08 13:05:00,2011-12-09 13:05:00,11374
1168,2011-12-09 23:00:00,2011-12-10 23:57:00,11374
1168,2011-12-11 08:30:00,2011-12-12 08:30:00,11374
1171,2011-12-07 01:54:00,2011-12-08 01:54:00,11375
1171,2011-12-09 06:24:00,2011-12-10 06:24:00,11375
1237,2011-12-23 08:27:00,2011-12-24 11:04:00,11386
1237,2011-12-26 04:11:00,2011-12-27 04:11:00,11386
1237,2011-12-27 20:18:00,2011-12-28 20:18:00,11386
1237,2011-12-30 17:17:00,2011-12-31 17:17:00,11386
1237,2012-01-03 10:59:00,2012-01-04 10:59:00,11386
1249,2012-01-04 07:01:00,2012-01-05 07:01:00,11390
1249,2012-01-05 17:16:00,2012-01-06 17:16:00,11390
1271,2012-01-03 08:57:00,2012-01-04 08:57:00,11392
1271,2012-01-04 11:51:00,2012-01-06 23:54:00,11392
1275,2012-01-07 03:21:00,2012-01-08 06:08:00,11393
1275,2012-01-08 10:31:00,2012-01-12 13:11:00,11393
1300,2012-01-08 20:01:00,2012-01-09 20:01:00,11395
1300,2012-01-10 01:40:00,2012-01-12 00:49:00,11395
1309,2012-01-13 03:19:00,2012-01-14 03:19:00,11396
1309,2012-01-17 22:57:00,2012-01-19 12:41:00,11396
1309,2012-01-19 21:01:00,2012-01-20 21:01:00,11396
1338,2012-01-31 04:13:00,2012-02-01 04:13:00,11408
1367,2012-02-07 21:48:00,2012-02-09 09:20:00,11415
1367,2012-02-09 12:05:00,2012-02-10 15:20:00,11415
1389,2012-02-10 10:41:00,2012-02-11 10:41:00,11416
1396,2012-02-10 18:47:00,2012-02-12 14:37:00,11419
1410,2012-02-19 04:41:00,2012-02-20 04:41:00,11421
1410,2012-02-25 11:19:00,2012-02-26 21:35:00,11421
1405,2012-02-18 08:41:00,2012-02-20 11:20:00,11422
1405,2012-02-20 11:42:00,2012-02-21 11:42:00,11422
1422,2012-02-29 15:10:00,2012-03-01 15:10:00,11423
1447,2012-03-07 02:49:00,2012-03-08 02:49:00,11428
1447,2012-03-08 21:45:00,2012-03-11 04:26:00,11428
1461,2012-03-08 19:59:00,2012-03-10 13:22:00,11432
1461,2012-03-11 11:57:00,2012-03-12 11:57:00,11432
1461,2012-03-13 15:08:00,2012-03-17 03:00:00,11432
1461,2012-03-18 13:41:00,2012-03-19 13:41:00,11432
1461,2012-03-19 23:43:00,2012-03-20 23:43:00,11432
1465,2012-03-12 01:45:00,2012-03-13 01:45:00,11433
1464,2012-03-16 20:32:00,2012-03-18 02:28:00,11434
1464,2012-03-18 21:55:00,2012-03-19 21:55:00,11434
1484,2012-03-20 12:38:00,2012-03-21 15:42:00,11440
1484,2012-03-21 17:39:00,2012-03-22 17:39:00,11440
1500,2012-03-22 19:34:00,2012-03-23 19:34:00,11445
1500,2012-03-24 01:38:00,2012-03-25 01:38:00,11445
1495,2012-03-28 11:46:00,2012-03-29 11:46:00,11447
1528,2012-04-03 16:17:00,2012-04-05 23:50:00,11450
1528,2012-04-08 01:11:00,2012-04-09 01:11:00,11450
1574,2012-04-20 20:10:00,2012-04-22 20:52:00,11459
1574,2012-04-24 01:56:00,2012-04-25 01:56:00,11459
1574,2012-04-26 03:02:00,2012-04-28 00:38:00,11459
1582,2012-04-15 17:24:00,2012-04-17 06:06:00,11461
1582,2012-04-21 09:26:00,2012-04-22 09:26:00,11461
1582,2012-04-22 12:09:00,2012-04-23 17:38:00,11461
1582,2012-04-27 01:48:00,2012-04-28 01:48:00,11461
1573,2012-04-19 03:15:00,2012-04-20 03:15:00,11462
1573,2012-04-20 11:00:00,2012-04-21 11:00:00,11462
1573,2012-04-23 11:39:00,2012-04-24 11:39:00,11462
1558,2012-04-17 02:59:00,2012-04-19 02:54:00,11463
1558,2012-04-21 13:59:00,2012-04-22 13:59:00,11463
1596,2012-04-19 14:49:00,2012-04-20 22:25:00,11465
1596,2012-04-21 07:05:00,2012-04-23 01:58:00,11465
1596,2012-04-25 17:15:00,2012-04-27 10:53:00,11465
1596,2012-04-28 15:09:00,2012-05-01 05:15:00,11465
1613,2012-04-23 07:38:00,2012-04-24 07:38:00,11467
1613,2012-04-26 13:18:00,2012-04-27 13:18:00,11467
1613,2012-04-27 20:10:00,2012-04-28 21:48:00,11467
1632,2012-05-03 20:58:00,2012-05-05 17:56:00,11474
1634,2012-05-02 13:24:00,2012-05-03 16:39:00,11475
1638,2012-05-04 02:57:00,2012-05-18 23:41:00,11476
1658,2012-05-13 13:33:00,2012-05-14 19:22:00,11483
1688,2012-05-31 19:37:00,2012-06-01 19:37:00,11488
1705,2012-05-24 19:53:00,2012-05-27 04:42:00,11492
1705,2012-06-05 17:55:00,2012-06-06 17:55:00,11492
1756,2012-06-11 02:13:00,2012-06-12 23:40:00,11506
1795,2012-06-24 20:55:00,2012-06-28 04:45:00,11512
1795,2012-06-28 18:35:00,2012-06-29 18:35:00,11512
1873,2012-07-20 23:19:00,2012-07-21 23:19:00,11526
1873,2012-07-29 23:10:00,2012-07-30 23:10:00,11526
1886,2012-07-26 00:17:00,2012-07-27 02:24:00,11531
1903,2012-07-30 09:35:00,2012-08-01 23:39:00,11535
1903,2012-08-02 21:20:00,2012-08-04 06:03:00,11535
1930,2012-08-05 00:39:00,2012-08-11 16:28:00,11542
1930,2012-08-13 02:18:00,2012-08-14 22:23:00,11542
1931,2012-08-12 04:05:00,2012-08-14 11:28:00,11543
1931,2012-08-15 12:41:00,2012-08-16 12:41:00,11543
1931,2012-08-16 15:21:00,2012-08-17 16:05:00,11543
1946,2012-08-16 13:12:00,2012-08-19 05:39:00,11548
1959,2012-08-28 23:40:00,2012-08-29 23:40:00,11553
1959,2012-08-31 17:33:00,2012-09-02 13:37:00,11553
1959,2012-09-03 23:10:00,2012-09-04 23:10:00,11553
1962,2012-08-24 02:24:00,2012-08-25 02:24:00,11554
1962,2012-08-29 01:37:00,2012-08-30 08:31:00,11554
1962,2012-08-31 00:28:00,2012-09-01 18:23:00,11554
1993,2012-08-30 04:08:00,2012-08-31 09:04:00,11560
1993,2012-09-01 01:50:00,2012-09-03 20:22:00,11560
1993,2012-09-04 01:55:00,2012-09-07 00:17:00,11560
1997,2012-08-29 04:48:00,2012-08-30 12:02:00,11561
1990,2012-08-30 19:45:00,2012-08-31 19:45:00,11562
1990,2012-09-06 17:05:00,2012-09-07 17:52:00,11562
1996,2012-08-29 21:34:00,2012-08-31 11:23:00,11563
2007,2012-09-03 07:09:00,2012-09-04 07:31:00,11565
2021,2012-09-09 10:18:00,2012-09-11 09:26:00,11567
2021,2012-09-16 09:04:00,2012-09-17 09:04:00,11567
2017,2012-09-08 14:51:00,2012-09-09 14:51:00,11568
2026,2012-09-10 01:00:00,2012-09-11 01:00:00,11569
2026,2012-09-12 07:10:00,2012-09-13 15:56:00,11569
2037,2012-09-24 06:34:00,2012-09-25 06:34:00,11573
2039,2012-09-19 11:27:00,2012-09-20 11:27:00,11574
2044,2012-09-18 15:04:00,2012-09-19 16:37:00,11576
2059,2012-09-26 17:04:00,2012-09-27 17:04:00,11579
2061,2012-09-23 19:23:00,2012-09-25 17:47:00,11580
2061,2012-09-28 10:24:00,2012-09-29 10:24:00,11580
2098,2012-10-09 14:25:00,2012-10-11 10:16:00,11585
2110,2012-10-09 00:57:00,2012-10-10 00:57:00,11587
2109,2012-10-09 21:40:00,2012-10-12 19:45:00,11589
2109,2012-10-12 23:46:00,2012-10-13 23:46:00,11589
2109,2012-10-14 18:44:00,2012-10-17 00:44:00,11589
2109,2012-10-18 01:06:00,2012-10-19 05:10:00,11589
2112,2012-10-11 02:52:00,2012-10-12 02:52:00,11590
2121,2012-10-13 06:27:00,2012-10-16 06:46:00,11591
2117,2012-10-14 03:26:00,2012-10-15 14:55:00,11593
2117,2012-10-21 15:52:00,2012-10-24 01:11:00,11593
2117,2012-10-24 04:04:00,2012-10-25 04:04:00,11593
2117,2012-10-25 06:36:00,2012-10-26 10:50:00,11593
2123,2012-10-15 23:06:00,2012-10-17 12:16:00,11594
2123,2012-10-18 18:42:00,2012-10-19 18:42:00,11594
2123,2012-10-24 07:30:00,2012-10-25 07:30:00,11594
2123,2012-10-25 11:30:00,2012-10-27 03:43:00,11594
2130,2012-10-16 07:52:00,2012-10-17 14:27:00,11596
2130,2012-10-17 22:30:00,2012-10-18 22:30:00,11596
2130,2012-10-19 20:02:00,2012-10-21 12:58:00,11596
2130,2012-10-25 03:54:00,2012-10-26 10:23:00,11596
2130,2012-10-30 04:59:00,2012-10-31 04:59:00,11596
2137,2012-10-18 20:46:00,2012-10-24 15:22:00,11598
2137,2012-10-25 15:49:00,2012-10-26 15:49:00,11598
2137,2012-10-30 11:33:00,2012-10-31 11:33:00,11598
2173,2012-11-08 00:12:00,2012-11-09 00:12:00,11604
2178,2012-11-09 20:13:00,2012-11-10 21:30:00,11607
2177,2012-11-09 04:22:00,2012-11-10 04:22:00,11608
2220,2012-11-15 15:34:00,2012-11-16 15:34:00,11618
2220,2012-11-16 15:58:00,2012-11-21 23:09:00,11618
2220,2012-11-22 12:06:00,2012-11-24 13:33:00,11618
2220,2012-11-25 02:09:00,2012-11-26 02:09:00,11618
2220,2012-11-26 09:13:00,2012-11-27 15:52:00,11618
2227,2012-11-24 22:14:00,2012-12-01 10:17:00,11620
2240,2012-12-06 21:13:00,2012-12-07 21:13:00,11621
2270,2012-12-08 17:41:00,2012-12-10 05:49:00,11630
2314,2012-12-20 23:52:00,2012-12-23 02:22:00,11635
2314,2012-12-23 16:07:00,2012-12-27 02:17:00,11635
2331,2012-12-28 19:27:00,2012-12-29 19:27:00,11638
2331,2013-01-06 09:47:00,2013-01-07 09:47:00,11638
2329,2013-01-03 08:22:00,2013-01-04 08:22:00,11639
2337,2012-12-31 08:47:00,2013-01-01 08:47:00,11640
2337,2013-01-02 21:27:00,2013-01-04 00:45:00,11640
2337,2013-01-06 06:35:00,2013-01-08 19:04:00,11640
2338,2013-01-08 08:10:00,2013-01-09 08:10:00,11641
2353,2013-01-04 16:19:00,2013-01-05 16:19:00,11645
2353,2013-01-06 00:45:00,2013-01-07 00:45:00,11645
2360,2013-01-03 13:03:00,2013-01-05 08:08:00,11650
2360,2013-01-08 03:45:00,2013-01-09 03:45:00,11650
2360,2013-01-14 06:26:00,2013-01-15 07:17:00,11650
2360,2013-01-15 18:21:00,2013-01-16 18:21:00,11650
2366,2013-01-04 21:31:00,2013-01-08 05:37:00,11653
2372,2013-01-07 01:17:00,2013-01-08 01:17:00,11654
2372,2013-01-08 09:29:00,2013-01-15 22:50:00,11654
2372,2013-01-17 13:09:00,2013-01-19 06:18:00,11654
2372,2013-01-19 14:23:00,2013-01-20 14:23:00,11654
2371,2013-01-13 04:13:00,2013-01-14 04:50:00,11657
2400,2013-01-18 03:44:00,2013-01-19 03:44:00,11660
2400,2013-01-27 18:20:00,2013-01-28 18:20:00,11660
2420,2013-01-30 04:30:00,2013-01-31 04:30:00,11663
2450,2013-02-03 14:53:00,2013-02-06 05:53:00,11669
2460,2013-02-11 17:47:00,2013-02-12 17:47:00,11670
2460,2013-02-13 04:12:00,2013-02-14 04:12:00,11670
2491,2013-02-16 00:31:00,2013-02-18 02:36:00,11675
2519,2013-03-04 07:47:00,2013-03-05 20:38:00,11686
2519,2013-03-06 16:39:00,2013-03-07 16:39:00,11686
2520,2013-03-01 14:59:00,2013-03-02 18:36:00,11687
2522,2013-03-12 04:14:00,2013-03-13 04:14:00,11689
2533,2013-03-11 10:17:00,2013-03-12 10:17:00,11690
2541,2013-03-13 05:45:00,2013-03-14 05:45:00,11691
2546,2013-03-11 22:42:00,2013-03-12 23:16:00,11692
2546,2013-03-14 05:46:00,2013-03-15 05:46:00,11692
2546,2013-03-18 16:45:00,2013-03-22 18:33:00,11692
2557,2013-03-10 16:40:00,2013-03-12 14:10:00,11695
2557,2013-03-16 14:40:00,2013-03-17 14:40:00,11695
2557,2013-03-18 13:50:00,2013-03-19 13:50:00,11695
2560,2013-03-12 16:15:00,2013-03-13 16:15:00,11696
2560,2013-03-14 10:39:00,2013-03-15 15:09:00,11696
2543,2013-03-15 04:20:00,2013-03-16 08:30:00,11698
2543,2013-03-16 12:50:00,2013-03-20 00:39:00,11698
2605,2013-04-02 18:34:00,2013-04-03 18:34:00,11711
2605,2013-04-10 00:19:00,2013-04-11 00:19:00,11711
2597,2013-04-03 09:49:00,2013-04-04 09:49:00,11713
2597,2013-04-06 16:49:00,2013-04-07 16:49:00,11713
2597,2013-04-07 23:45:00,2013-04-09 00:14:00,11713
2597,2013-04-09 11:53:00,2013-04-10 23:30:00,11713
2626,2013-04-05 19:35:00,2013-04-06 19:35:00,11715
2636,2013-04-05 06:39:00,2013-04-07 15:55:00,11718
2636,2013-04-08 07:17:00,2013-04-13 19:46:00,11718
2635,2013-04-04 06:06:00,2013-04-05 17:34:00,11719
2635,2013-04-05 21:17:00,2013-04-07 00:39:00,11719
2635,2013-04-09 16:47:00,2013-04-11 06:55:00,11719
2635,2013-04-11 18:00:00,2013-04-13 01:24:00,11719
2635,2013-04-14 18:00:00,2013-04-18 17:56:00,11719
2663,2013-04-14 13:58:00,2013-04-16 07:30:00,11723
2663,2013-04-20 19:59:00,2013-04-21 19:59:00,11723
2663,2013-04-22 18:10:00,2013-04-23 18:10:00,11723
2661,2013-04-12 09:21:00,2013-04-13 09:21:00,11724
2661,2013-04-21 21:50:00,2013-04-22 21:50:00,11724
2661,2013-04-24 01:57:00,2013-04-25 01:57:00,11724
2673,2013-04-19 00:22:00,2013-04-27 12:06:00,11726
2691,2013-04-28 20:22:00,2013-05-03 01:15:00,11730
2693,2013-04-26 13:24:00,2013-04-30 03:14:00,11731
2693,2013-04-30 06:50:00,2013-05-04 18:16:00,11731
2693,2013-05-04 20:54:00,2013-05-06 14:59:00,11731
2693,2013-05-06 15:44:00,2013-05-07 15:44:00,11731
2693,2013-05-07 16:41:00,2013-05-08 16:41:00,11731
2718,2013-05-05 01:41:00,2013-05-06 01:41:00,11740
2727,2013-05-05 08:03:00,2013-05-06 08:03:00,11741
2735,2013-05-08 17:36:00,2013-05-11 02:52:00,11744
2735,2013-05-11 03:21:00,2013-05-12 06:16:00,11744
2735,2013-05-15 12:14:00,2013-05-17 04:37:00,11744
2739,2013-05-09 00:44:00,2013-05-13 21:58:00,11745
2739,2013-05-14 13:27:00,2013-05-15 13:27:00,11745
2739,2013-05-20 10:23:00,2013-05-22 13:08:00,11745
2748,2013-05-12 00:32:00,2013-05-18 18:12:00,11748
2748,2013-05-19 00:41:00,2013-05-20 22:27:00,11748
2750,2013-05-18 09:08:00,2013-05-19 21:11:00,11750
2754,2013-05-15 15:37:00,2013-05-16 15:37:00,11752
2754,2013-05-17 06:32:00,2013-05-18 06:32:00,11752
2754,2013-05-18 08:35:00,2013-05-19 08:35:00,11752
2779,2013-05-23 01:19:00,2013-05-24 20:35:00,11757
2809,2013-05-28 22:30:00,2013-05-29 22:30:00,11760
2809,2013-05-30 19:52:00,2013-05-31 19:52:00,11760
2808,2013-05-30 11:11:00,2013-05-31 11:11:00,11761
2825,2013-06-09 14:18:00,2013-06-10 14:18:00,11765
2861,2013-06-18 11:49:00,2013-06-19 11:49:00,11773
2861,2013-06-21 17:31:00,2013-06-22 17:31:00,11773
2875,2013-06-18 00:50:00,2013-06-19 16:46:00,11776
2875,2013-06-20 18:02:00,2013-06-21 18:02:00,11776
2875,2013-06-25 00:11:00,2013-06-26 00:11:00,11776
2887,2013-06-22 20:48:00,2013-06-24 11:27:00,11778
2887,2013-06-26 08:09:00,2013-06-28 16:50:00,11778
2887,2013-06-29 09:11:00,2013-06-30 20:50:00,11778
2904,2013-06-29 15:12:00,2013-06-30 16:44:00,11780
2904,2013-07-01 18:49:00,2013-07-03 03:31:00,11780
2912,2013-06-28 16:01:00,2013-06-29 16:01:00,11781
2922,2013-07-05 17:31:00,2013-07-06 17:31:00,11784
2952,2013-07-12 05:36:00,2013-07-13 05:36:00,11791
2952,2013-07-14 03:11:00,2013-07-17 01:49:00,11791
2954,2013-07-14 02:33:00,2013-07-15 02:33:00,11792
2968,2013-07-14 07:26:00,2013-07-15 07:26:00,11793
2968,2013-07-19 03:34:00,2013-07-20 03:34:00,11793
2999,2013-07-29 01:10:00,2013-07-30 01:10:00,11801
3028,2013-07-29 22:03:00,2013-07-31 04:26:00,11809
3028,2013-08-12 05:04:00,2013-08-14 02:03:00,11809
3056,2013-08-08 20:13:00,2013-08-09 20:13:00,11818
3056,2013-08-12 15:49:00,2013-08-13 23:11:00,11818
3056,2013-08-14 17:05:00,2013-08-17 18:49:00,11818
3056,2013-08-18 11:26:00,2013-08-20 09:57:00,11818
3056,2013-08-20 11:25:00,2013-08-21 11:25:00,11818
3056,2013-08-21 13:16:00,2013-08-22 13:16:00,11818
3082,2013-08-20 03:36:00,2013-08-21 03:36:00,11823
3097,2013-08-21 00:40:00,2013-08-22 00:40:00,11824
3068,2013-08-18 21:58:00,2013-08-19 21:58:00,11825
3098,2013-08-22 06:42:00,2013-08-23 06:42:00,11827
3103,2013-08-20 07:25:00,2013-08-21 07:25:00,11828
3103,2013-08-21 11:44:00,2013-08-22 21:16:00,11828
3113,2013-08-20 04:54:00,2013-08-21 04:54:00,11829
3119,2013-08-31 14:16:00,2013-09-01 14:16:00,11834
3119,2013-09-02 17:26:00,2013-09-03 17:26:00,11834
3129,2013-08-28 04:18:00,2013-08-30 02:04:00,11836
3129,2013-08-30 17:20:00,2013-08-31 17:20:00,11836
3129,2013-09-03 21:31:00,2013-09-05 19:46:00,11836
3149,2013-09-03 02:44:00,2013-09-04 08:36:00,11837
3149,2013-09-04 21:59:00,2013-09-05 21:59:00,11837
3199,2013-09-18 07:58:00,2013-09-21 01:39:00,11850
3199,2013-09-28 05:11:00,2013-09-29 05:11:00,11850
3188,2013-09-28 00:39:00,2013-09-29 00:39:00,11853
3248,2013-10-03 03:17:00,2013-10-04 03:17:00,11856
3248,2013-10-05 11:21:00,2013-10-07 15:34:00,11856
3247,2013-10-02 19:44:00,2013-10-03 19:44:00,11857
3267,2013-10-15 17:39:00,2013-10-16 17:39:00,11867
3291,2013-10-17 00:56:00,2013-10-18 10:51:00,11875
3291,2013-10-19 22:51:00,2013-10-26 03:03:00,11875
3291,2013-10-26 03:19:00,2013-10-31 04:45:00,11875
3311,2013-10-23 17:03:00,2013-10-26 19:49:00,11882
3311,2013-10-27 14:46:00,2013-10-29 12:05:00,11882
3330,2013-11-06 23:02:00,2013-11-09 17:00:00,11887
3330,2013-11-09 17:41:00,2013-11-10 17:41:00,11887
3336,2013-11-01 18:08:00,2013-11-02 20:20:00,11889
3336,2013-11-04 05:49:00,2013-11-05 05:49:00,11889
3336,2013-11-05 08:28:00,2013-11-06 17:24:00,11889
3341,2013-11-02 01:28:00,2013-11-08 04:20:00,11890
3341,2013-11-08 06:22:00,2013-11-15 03:57:00,11890
3344,2013-11-06 02:08:00,2013-11-08 09:22:00,11891
3362,2013-11-08 16:14:00,2013-11-09 16:14:00,11894
3420,2013-11-20 20:44:00,2013-11-23 17:48:00,11905
3432,2013-11-27 15:59:00,2013-11-28 19:42:00,11908
3437,2013-11-29 21:54:00,2013-11-30 21:54:00,11909
3437,2013-12-04 17:35:00,2013-12-06 06:43:00,11909
3437,2013-12-06 07:17:00,2013-12-07 07:17:00,11909
3457,2013-11-30 21:53:00,2013-12-01 21:53:00,11912
3457,2013-12-11 03:11:00,2013-12-12 03:11:00,11912
3448,2013-12-04 06:38:00,2013-12-05 06:38:00,11916
3448,2013-12-06 04:30:00,2013-12-07 05:22:00,11916
3448,2013-12-09 20:02:00,2013-12-11 20:37:00,11916
3515,2013-12-17 15:07:00,2013-12-19 07:09:00,11930
3580,2014-01-06 03:49:00,2014-01-07 06:59:00,11946
3580,2014-01-08 02:13:00,2014-01-09 02:13:00,11946
3580,2014-01-09 18:46:00,2014-01-10 18:46:00,11946
3587,2014-01-06 22:16:00,2014-01-08 11:56:00,11947
3604,2014-01-09 06:23:00,2014-01-10 06:23:00,11950
3604,2014-01-10 20:06:00,2014-01-11 20:43:00,11950
3608,2014-01-12 16:03:00,2014-01-13 16:03:00,11953
3608,2014-01-15 14:14:00,2014-01-17 02:08:00,11953
3688,2014-01-26 08:07:00,2014-01-27 11:08:00,11968
3688,2014-01-27 16:23:00,2014-01-29 02:56:00,11968
3688,2014-01-30 15:32:00,2014-01-31 15:32:00,11968
3688,2014-01-31 22:54:00,2014-02-06 07:57:00,11968
3688,2014-02-06 08:34:00,2014-02-08 00:28:00,11968
3711,2014-02-13 16:49:00,2014-02-14 16:49:00,11971
3719,2014-02-09 19:14:00,2014-02-10 19:14:00,11973
3719,2014-02-11 12:29:00,2014-02-12 12:29:00,11973
3719,2014-02-14 03:10:00,2014-02-16 05:26:00,11973
3721,2014-02-08 11:51:00,2014-02-16 06:42:00,11974
3740,2014-02-12 07:04:00,2014-02-13 07:04:00,11977
3740,2014-02-15 09:20:00,2014-02-17 21:07:00,11977
3779,2014-02-24 06:16:00,2014-02-25 15:04:00,11986
3779,2014-02-26 00:23:00,2014-02-27 00:23:00,11986
3779,2014-03-01 18:08:00,2014-03-03 19:15:00,11986
3804,2014-02-26 02:37:00,2014-02-28 00:44:00,11991
3804,2014-02-28 04:33:00,2014-03-01 04:33:00,11991
3804,2014-03-01 11:55:00,2014-03-05 02:06:00,11991
3804,2014-03-07 05:41:00,2014-03-08 05:41:00,11991
3804,2014-03-10 11:58:00,2014-03-11 11:58:00,11991
3813,2014-03-04 17:32:00,2014-03-05 17:32:00,11996
3813,2014-03-08 10:01:00,2014-03-14 08:32:00,11996
3824,2014-03-14 14:31:00,2014-03-16 05:57:00,11998
3836,2014-03-06 23:56:00,2014-03-12 02:30:00,12002
3836,2014-03-14 00:20:00,2014-03-15 00:20:00,12002
3836,2014-03-15 21:16:00,2014-03-18 06:07:00,12002
3877,2014-03-21 06:58:00,2014-03-22 06:58:00,12011
3874,2014-03-20 09:51:00,2014-03-21 09:51:00,12013
3879,2014-03-18 12:42:00,2014-03-21 17:57:00,12014
3879,2014-03-21 20:54:00,2014-03-24 14:29:00,12014
3879,2014-03-25 10:59:00,2014-03-26 10:59:00,12014
3879,2014-03-28 21:41:00,2014-03-31 07:20:00,12014
3912,2014-04-03 14:47:00,2014-04-04 14:47:00,12021
3912,2014-04-04 18:21:00,2014-04-05 18:21:00,12021
3912,2014-04-06 02:47:00,2014-04-07 02:47:00,12021
3926,2014-03-31 00:43:00,2014-04-01 19:30:00,12022
3907,2014-03-28 01:54:00,2014-03-29 01:54:00,12024
3957,2014-03-31 20:28:00,2014-04-01 20:28:00,12029
3957,2014-04-03 21:44:00,2014-04-04 21:44:00,12029
3996,2014-04-15 07:17:00,2014-04-16 08:12:00,12034
3996,2014-04-18 05:55:00,2014-04-21 00:56:00,12034
3996,2014-04-21 20:03:00,2014-04-23 08:37:00,12034
4025,2014-04-15 02:08:00,2014-04-16 03:03:00,12042
4040,2014-04-18 03:17:00,2014-04-19 12:47:00,12044
4040,2014-04-22 23:22:00,2014-04-23 23:22:00,12044
4042,2014-04-18 09:34:00,2014-04-19 12:27:00,12045
4042,2014-04-20 04:49:00,2014-04-21 04:49:00,12045
4042,2014-04-24 23:54:00,2014-04-25 23:54:00,12045
4065,2014-04-27 15:17:00,2014-04-28 15:17:00,12048
4073,2014-04-29 06:15:00,2014-04-30 06:15:00,12049
4073,2014-05-01 22:01:00,2014-05-04 15:54:00,12049
4075,2014-04-29 01:20:00,2014-04-30 01:20:00,12050
4088,2014-05-01 19:36:00,2014-05-02 22:33:00,12052
4088,2014-05-09 09:22:00,2014-05-10 09:22:00,12052
4092,2014-05-03 17:16:00,2014-05-04 23:07:00,12053
4092,2014-05-15 03:26:00,2014-05-16 03:26:00,12053
4133,2014-05-13 00:49:00,2014-05-15 05:26:00,12063
4133,2014-05-15 20:11:00,2014-05-16 20:11:00,12063
4133,2014-05-17 02:33:00,2014-05-18 02:33:00,12063
4131,2014-05-16 02:34:00,2014-05-17 02:34:00,12066
4131,2014-05-20 07:09:00,2014-05-21 07:09:00,12066
4131,2014-05-21 13:13:00,2014-05-22 13:13:00,12066
4186,2014-05-31 11:41:00,2014-06-01 11:41:00,12077
4186,2014-06-02 03:58:00,2014-06-04 06:29:00,12077
4205,2014-06-10 02:56:00,2014-06-11 02:56:00,12082
4205,2014-06-12 11:57:00,2014-06-13 11:57:00,12082
4205,2014-06-14 04:53:00,2014-06-15 06:00:00,12082
4179,2014-06-06 06:16:00,2014-06-07 10:16:00,12083
4231,2014-06-10 01:22:00,2014-06-11 16:23:00,12089
4231,2014-06-11 19:56:00,2014-06-13 06:43:00,12089
4231,2014-06-13 17:39:00,2014-06-14 17:39:00,12089
4231,2014-06-15 07:30:00,2014-06-17 13:13:00,12089
4231,2014-06-17 15:40:00,2014-06-18 15:40:00,12089
4265,2014-06-18 01:17:00,2014-06-19 01:17:00,12095
4288,2014-06-27 00:20:00,2014-06-28 01:49:00,12100
4288,2014-06-28 15:19:00,2014-06-30 06:52:00,12100
4288,2014-07-01 14:50:00,2014-07-02 14:50:00,12100
4321,2014-07-03 05:34:00,2014-07-04 05:34:00,12109
4321,2014-07-05 00:18:00,2014-07-07 07:58:00,12109
4321,2014-07-08 04:05:00,2014-07-09 04:05:00,12109
4321,2014-07-10 00:39:00,2014-07-11 00:39:00,12109
4321,2014-07-11 05:29:00,2014-07-12 07:10:00,12109
4321,2014-07-12 08:43:00,2014-07-15 02:59:00,12109
4376,2015-04-11 21:20:00,2015-04-12 21:20:00,12120
4379,2014-07-23 01:40:00,2014-07-24 01:40:00,12121
4379,2014-07-24 06:57:00,2014-07-25 06:57:00,12121
4422,2014-08-02 19:23:00,2014-08-03 19:23:00,12133
4424,2014-08-02 01:40:00,2014-08-03 02:35:00,12134
4424,2014-08-03 02:44:00,2014-08-04 02:44:00,12134
4610,2014-09-23 23:36:00,2014-09-24 23:36:00,12177
4610,2014-09-25 12:36:00,2014-09-26 16:13:00,12177
4610,2014-09-28 05:34:00,2014-09-29 05:34:00,12177
4610,2014-10-03 06:48:00,2014-10-04 06:48:00,12177
4610,2014-10-04 16:33:00,2014-10-05 16:33:00,12177
4623,2014-10-02 10:41:00,2014-10-03 10:41:00,12181
4623,2014-10-04 12:11:00,2014-10-06 21:08:00,12181
4698,2014-10-15 12:58:00,2014-10-30 15:21:00,12192
4698,2014-10-31 09:20:00,2014-11-01 09:20:00,12192
4711,2014-10-25 16:12:00,2014-10-26 16:12:00,12193
4760,2014-10-29 13:04:00,2014-10-31 09:19:00,12201
4760,2014-10-31 10:20:00,2014-11-03 18:14:00,12201
4760,2014-11-06 13:19:00,2014-11-07 13:19:00,12201
4760,2014-11-07 18:53:00,2014-11-08 18:53:00,12201
4764,2014-11-07 19:54:00,2014-11-10 00:26:00,12203
4781,2014-11-02 11:23:00,2014-11-12 08:45:00,12205
4781,2014-11-12 18:45:00,2014-11-14 14:47:00,12205
4781,2014-11-16 08:52:00,2014-11-17 08:52:00,12205
4868,2014-11-25 00:30:00,2014-11-26 00:30:00,12219
4868,2014-11-27 20:12:00,2014-11-29 13:21:00,12219
4872,2014-11-28 22:42:00,2014-11-30 17:16:00,12221
4879,2014-12-01 13:34:00,2014-12-02 17:18:00,12223
4900,2014-12-07 17:53:00,2014-12-10 02:03:00,12230
4900,2014-12-10 13:09:00,2014-12-12 03:02:00,12230
4908,2014-12-10 05:59:00,2014-12-11 05:59:00,12232
4921,2014-12-10 03:25:00,2014-12-11 14:24:00,12234
4921,2014-12-11 14:35:00,2014-12-12 14:35:00,12234
4932,2014-12-10 01:21:00,2014-12-11 01:21:00,12236
4932,2014-12-11 19:23:00,2014-12-12 19:23:00,12236
4942,2014-12-14 12:40:00,2014-12-15 12:40:00,12239
4941,2014-12-12 05:13:00,2014-12-14 23:07:00,12241
4941,2014-12-15 08:06:00,2014-12-18 21:41:00,12241
4941,2014-12-20 11:24:00,2014-12-21 11:24:00,12241
4941,2014-12-21 21:15:00,2014-12-24 02:30:00,12241
4963,2014-12-20 04:47:00,2014-12-21 04:47:00,12244
4963,2014-12-22 03:39:00,2014-12-23 03:39:00,12244
4969,2014-12-23 12:59:00,2014-12-24 13:20:00,12245
4955,2014-12-25 08:25:00,2014-12-27 06:00:00,12249
4995,2014-12-28 10:46:00,2014-12-29 10:46:00,12250
4995,2014-12-29 18:00:00,2014-12-30 23:15:00,12250
5002,2014-12-27 21:08:00,2014-12-28 21:08:00,12251
5002,2014-12-29 06:10:00,2014-12-31 12:12:00,12251
5002,2015-01-04 23:07:00,2015-01-05 23:07:00,12251
5002,2015-01-07 04:11:00,2015-01-08 04:11:00,12251
5011,2014-12-29 23:54:00,2015-01-08 04:25:00,12253
5011,2015-01-09 23:00:00,2015-01-10 23:00:00,12253
5022,2015-01-10 14:42:00,2015-01-12 14:08:00,12255
5022,2015-01-14 14:49:00,2015-01-15 14:49:00,12255
5005,2015-01-01 19:47:00,2015-01-02 19:47:00,12256
5026,2015-01-05 13:25:00,2015-01-06 13:25:00,12257
5026,2015-01-08 08:04:00,2015-01-12 02:18:00,12257
5026,2015-01-12 04:13:00,2015-01-15 16:39:00,12257
5036,2015-01-07 15:41:00,2015-01-08 15:41:00,12258
5051,2015-01-10 19:54:00,2015-01-12 12:47:00,12260
5051,2015-01-13 19:40:00,2015-01-14 19:40:00,12260
5051,2015-01-15 03:18:00,2015-01-16 03:18:00,12260
5054,2015-01-11 15:18:00,2015-01-12 15:18:00,12261
5028,2015-01-10 23:29:00,2015-01-11 23:29:00,12262
5028,2015-01-14 02:30:00,2015-01-15 21:49:00,12262
5075,2015-01-18 09:02:00,2015-01-20 04:59:00,12266
5099,2015-06-13 21:29:00,2015-06-14 21:29:00,12267
5111,2015-01-25 05:07:00,2015-01-26 06:08:00,12271
5111,2015-01-28 09:18:00,2015-01-29 09:18:00,12271
5111,2015-01-29 20:18:00,2015-01-30 20:18:00,12271
5118,2015-01-26 05:43:00,2015-01-27 05:43:00,12273
5112,2015-01-30 16:35:00,2015-02-01 08:41:00,12275
5127,2015-01-27 10:38:00,2015-02-05 09:45:00,12277
5127,2015-02-05 22:56:00,2015-02-08 20:23:00,12277
5127,2015-02-09 13:56:00,2015-02-10 13:56:00,12277
5144,2015-02-01 14:26:00,2015-02-03 17:21:00,12280
5144,2015-02-03 18:43:00,2015-02-04 18:43:00,12280
5144,2015-02-05 10:02:00,2015-02-10 04:17:00,12280
5144,2015-02-11 02:03:00,2015-02-12 02:03:00,12280
5151,2015-02-05 03:05:00,2015-02-06 03:05:00,12281
5151,2015-02-08 07:04:00,2015-02-09 09:02:00,12281
5186,2015-02-07 08:46:00,2015-02-11 05:17:00,12282
5186,2015-02-11 14:06:00,2015-02-12 14:06:00,12282
5186,2015-02-17 21:53:00,2015-02-19 00:53:00,12282
5183,2015-02-19 10:01:00,2015-02-21 04:56:00,12286
5198,2015-02-22 00:10:00,2015-02-23 00:10:00,12288
5249,2015-03-03 13:35:00,2015-03-04 13:35:00,12293
5249,2015-03-04 19:35:00,2015-03-05 19:35:00,12293
5298,2015-03-05 04:14:00,2015-03-21 00:13:00,12297
5315,2015-03-17 06:41:00,2015-03-19 01:20:00,12302
5354,2015-03-24 01:34:00,2015-03-26 23:37:00,12305
5354,2015-03-27 04:48:00,2015-03-28 07:57:00,12305
5354,2015-03-28 18:45:00,2015-03-30 15:34:00,12305
5375,2015-03-28 11:28:00,2015-03-29 11:28:00,12315
5422,2015-04-03 11:38:00,2015-04-04 11:38:00,12318
5422,2015-04-05 05:46:00,2015-04-06 05:46:00,12318
5446,2015-04-12 06:35:00,2015-04-13 08:21:00,12322
5446,2015-04-20 03:49:00,2015-04-22 08:30:00,12322
5446,2015-04-22 09:18:00,2015-04-23 09:18:00,12322
5456,2015-04-15 19:07:00,2015-04-17 12:31:00,12325
5456,2015-04-17 13:26:00,2015-04-18 13:26:00,12325
5456,2015-04-20 20:50:00,2015-04-22 02:00:00,12325
5456,2015-04-22 14:56:00,2015-04-23 14:56:00,12325
5500,2015-04-22 02:05:00,2015-04-24 23:28:00,12326
5492,2015-04-21 03:00:00,2015-04-22 03:00:00,12333
5492,2015-04-22 19:56:00,2015-04-23 19:56:00,12333
5526,2015-04-29 19:56:00,2015-05-01 02:48:00,12335
5526,2015-05-02 00:53:00,2015-05-06 17:14:00,12335
5526,2015-05-10 01:43:00,2015-05-11 13:02:00,12335
5537,2015-05-03 02:49:00,2015-05-04 02:49:00,12338
5537,2015-05-04 03:51:00,2015-05-05 03:51:00,12338
5537,2015-05-10 06:42:00,2015-05-11 06:42:00,12338
5571,2015-05-17 07:27:00,2015-05-18 08:16:00,12349
5571,2015-05-19 08:05:00,2015-05-21 06:57:00,12349
5571,2015-05-21 23:41:00,2015-05-22 23:41:00,12349
5586,2015-05-18 11:54:00,2015-05-20 03:48:00,12351
5637,2015-06-02 20:41:00,2015-06-03 20:41:00,12360
5637,2015-06-06 11:45:00,2015-06-07 17:49:00,12360
5637,2015-06-08 03:40:00,2015-06-14 11:00:00,12360
5637,2015-06-14 13:45:00,2015-06-16 03:32:00,12360
5658,2015-06-08 19:55:00,2015-06-09 19:55:00,12364
5653,2015-06-05 22:26:00,2015-06-06 22:26:00,12365
5653,2015-06-09 00:10:00,2015-06-10 21:24:00,12365
5653,2015-06-13 03:48:00,2015-06-14 03:48:00,12365
5653,2015-06-17 00:33:00,2015-06-18 00:33:00,12365
5673,2015-06-09 02:14:00,2015-06-12 19:16:00,12367
5673,2015-06-13 20:29:00,2015-06-14 20:29:00,12367
5673,2015-06-16 05:46:00,2015-06-18 14:02:00,12367
5673,2015-06-19 19:07:00,2015-06-22 05:09:00,12367
5675,2015-06-14 07:50:00,2015-06-15 07:50:00,12368
5692,2015-06-15 03:58:00,2015-06-26 06:38:00,12371
5692,2015-06-26 10:52:00,2015-06-29 00:27:00,12371
5745,2015-07-05 01:26:00,2015-07-07 23:04:00,12381
5745,2015-07-08 03:31:00,2015-07-09 03:31:00,12381
5745,2015-07-13 09:20:00,2015-07-14 09:20:00,12381
5739,2015-07-09 16:07:00,2015-07-10 16:07:00,12385
5739,2015-07-10 18:27:00,2015-07-11 18:27:00,12385
5783,2015-07-17 14:28:00,2015-07-18 14:28:00,12388
5808,2015-07-23 03:07:00,2015-07-24 17:49:00,12389
5808,2015-07-25 12:28:00,2015-07-26 12:28:00,12389
5807,2015-07-31 19:59:00,2015-08-01 19:59:00,12390
5831,2015-08-06 18:11:00,2015-08-07 18:11:00,12394
5848,2015-08-05 08:38:00,2015-08-09 07:30:00,12396
5848,2015-08-10 15:11:00,2015-08-11 15:11:00,12396
5880,2015-08-13 00:26:00,2015-08-14 03:00:00,12401
5880,2015-08-14 12:02:00,2015-08-15 12:02:00,12401
5885,2015-08-19 05:08:00,2015-08-31 04:55:00,12403
5916,2015-08-27 09:44:00,2015-08-30 13:29:00,12405
5894,2015-09-02 11:28:00,2015-09-03 11:28:00,12407
5956,2015-09-14 02:17:00,2015-09-18 11:16:00,12415
5956,2015-09-18 16:34:00,2015-09-20 17:32:00,12415
5956,2015-09-22 07:23:00,2015-09-23 09:54:00,12415
5961,2015-09-23 23:41:00,2015-09-24 23:41:00,12418
5963,2015-09-18 21:08:00,2015-09-19 21:08:00,12419
5974,2015-09-19 04:55:00,2015-09-21 05:11:00,12420
5974,2015-10-02 16:23:00,2015-10-03 18:04:00,12420
5983,2015-09-22 11:34:00,2015-09-23 19:34:00,12422
5983,2015-09-23 21:40:00,2015-10-04 02:34:00,12422
5982,2015-09-26 13:30:00,2015-09-30 00:05:00,12423
5982,2015-09-30 05:39:00,2015-10-01 05:39:00,12423
5991,2015-10-02 00:11:00,2015-10-03 03:14:00,12427
5990,2015-09-28 04:41:00,2015-09-29 04:41:00,12428
6015,2015-10-12 01:12:00,2015-10-17 21:12:00,12434
6015,2015-10-18 04:32:00,2015-10-19 18:37:00,12434
6015,2015-10-21 02:13:00,2015-10-22 02:13:00,12434
6015,2015-10-23 04:20:00,2015-10-24 21:21:00,12434
6027,2015-10-17 05:08:00,2015-10-18 07:24:00,12436
6027,2015-10-18 09:33:00,2015-10-21 17:48:00,12436
6027,2015-10-26 05:05:00,2015-10-27 05:05:00,12436
6027,2015-10-27 09:31:00,2015-10-28 09:50:00,12436
6027,2015-10-29 08:21:00,2015-10-30 08:21:00,12436
6054,2015-10-28 01:03:00,2015-10-29 01:03:00,12440
6069,2015-11-05 22:52:00,2015-11-06 22:52:00,12446
6084,2015-11-12 01:20:00,2015-11-13 01:20:00,12452
6124,2015-11-17 19:43:00,2015-11-18 19:43:00,12457
6124,2015-11-20 02:10:00,2015-11-22 10:17:00,12457
6154,2015-12-03 16:53:00,2015-12-04 16:53:00,12462
6164,2015-12-04 15:14:00,2015-12-05 15:14:00,12464
6167,2015-12-06 03:49:00,2015-12-07 03:49:00,12465
6167,2015-12-10 16:48:00,2015-12-12 17:26:00,12465
6172,2015-12-09 07:41:00,2015-12-11 04:22:00,12468
6172,2015-12-11 05:05:00,2015-12-13 08:25:00,12468
6172,2015-12-14 21:33:00,2015-12-16 08:34:00,12468
6172,2015-12-18 01:59:00,2015-12-19 01:59:00,12468
6172,2015-12-19 19:22:00,2015-12-20 19:22:00,12468
6205,2015-12-20 00:52:00,2015-12-21 10:09:00,12472
6205,2015-12-21 13:06:00,2015-12-24 10:46:00,12472
6205,2015-12-24 16:59:00,2015-12-25 16:59:00,12472
6205,2015-12-26 18:59:00,2015-12-27 18:59:00,12472
6205,2015-12-28 00:53:00,2015-12-29 00:53:00,12472
6206,2015-12-20 14:17:00,2015-12-24 01:49:00,12473
6206,2015-12-24 04:05:00,2015-12-26 15:10:00,12473
6206,2015-12-27 00:18:00,2016-01-01 23:10:00,12473
6242,2016-01-05 11:31:00,2016-01-07 06:11:00,12480
6242,2016-01-14 02:34:00,2016-01-15 21:59:00,12480
6258,2016-01-19 07:30:00,2016-01-20 07:30:00,12484
6258,2016-01-20 08:01:00,2016-01-21 08:01:00,12484
6289,2016-01-20 05:36:00,2016-01-21 05:36:00,12488
6289,2016-01-23 04:07:00,2016-01-24 04:07:00,12488
6289,2016-01-27 05:17:00,2016-01-29 16:33:00,12488
6301,2016-01-24 09:00:00,2016-01-25 10:27:00,12489
6301,2016-01-26 13:26:00,2016-01-27 13:26:00,12489
6302,2016-02-03 07:09:00,2016-02-04 19:46:00,12490
6317,2016-02-02 12:03:00,2016-02-03 12:03:00,12492
6317,2016-02-07 05:22:00,2016-02-08 05:22:00,12492
6317,2016-02-10 23:54:00,2016-02-12 06:27:00,12492
6319,2016-02-02 16:29:00,2016-02-03 22:05:00,12493
6320,2016-02-03 02:11:00,2016-02-06 22:37:00,12494
6356,2016-02-13 01:18:00,2016-02-14 01:18:00,12500
6359,2016-02-17 21:08:00,2016-02-18 21:08:00,12501
6353,2016-02-16 17:45:00,2016-02-17 17:45:00,12503
6383,2016-02-23 12:23:00,2016-02-24 12:23:00,12506
6383,2016-02-25 09:43:00,2016-02-27 05:44:00,12506
6383,2016-03-03 08:28:00,2016-03-04 08:28:00,12506
6403,2016-03-11 06:15:00,2016-03-12 06:15:00,12513
6418,2016-03-08 02:42:00,2016-03-09 12:36:00,12519
6424,2016-03-14 09:23:00,2016-03-15 15:32:00,12521
6424,2016-03-19 00:40:00,2016-03-20 01:22:00,12521
6427,2016-03-15 06:34:00,2016-03-16 06:34:00,12522
6437,2016-03-22 02:59:00,2016-03-23 02:59:00,12524
6437,2016-03-27 02:18:00,2016-03-28 02:18:00,12524
6483,2016-04-05 16:39:00,2016-04-07 11:06:00,12529
6483,2016-04-07 16:31:00,2016-04-12 07:40:00,12529
6483,2016-04-12 23:28:00,2016-04-15 14:04:00,12529
6483,2016-04-15 19:14:00,2016-04-18 00:14:00,12529
6483,2016-04-18 22:52:00,2016-04-19 22:52:00,12529
6507,2016-04-27 03:36:00,2016-04-28 12:46:00,12535
6507,2016-05-03 13:41:00,2016-05-04 13:41:00,12535
6530,2016-05-01 08:32:00,2016-05-02 08:32:00,12540
6532,2016-05-06 17:04:00,2016-05-07 17:04:00,12541
6537,2016-05-03 22:43:00,2016-05-04 22:43:00,12542
6537,2016-05-14 15:19:00,2016-05-15 15:19:00,12542
6537,2016-05-16 04:00:00,2016-05-17 04:00:00,12542
6544,2016-05-13 09:21:00,2016-05-15 08:18:00,12543
6550,2016-05-14 04:57:00,2016-05-16 15:21:00,12544
6558,2016-05-20 13:55:00,2016-05-21 13:55:00,12546
6558,2016-05-23 10:16:00,2016-05-24 10:16:00,12546
6558,2016-05-25 13:45:00,2016-05-26 13:45:00,12546
6566,2016-05-25 13:31:00,2016-05-26 13:31:00,12548
6591,2016-05-29 07:33:00,2016-05-30 13:18:00,12550
6599,2016-06-08 15:03:00,2016-06-09 15:03:00,12552
6599,2016-06-10 21:59:00,2016-06-13 05:33:00,12552
6617,2016-06-18 11:44:00,2016-06-19 11:44:00,12558
6661,2016-07-06 07:49:00,2016-07-07 07:49:00,12561
6666,2016-07-07 00:48:00,2016-07-08 00:48:00,12564
6666,2016-07-08 15:49:00,2016-07-10 00:53:00,12564
6692,2016-08-06 05:28:00,2016-08-08 20:13:00,12571
6711,2016-08-13 19:29:00,2016-08-15 00:17:00,12578
6754,2016-09-20 11:45:00,2016-09-22 19:05:00,12595
6769,2016-09-24 19:05:00,2016-09-25 19:05:00,12597
6769,2016-09-26 07:33:00,2016-09-27 07:33:00,12597
6794,2016-10-11 11:51:00,2016-10-12 11:51:00,12599
6846,2016-11-27 07:55:00,2016-11-28 07:55:00,12611
6870,2016-11-28 07:03:00,2016-11-30 15:22:00,12615
6870,2016-12-03 02:47:00,2016-12-05 05:57:00,12615
6870,2016-12-09 16:48:00,2016-12-10 16:48:00,12615
6922,2017-01-27 20:56:00,2017-01-28 20:56:00,12627
6920,2017-01-20 06:23:00,2017-01-21 13:19:00,12628
6949,2017-02-08 01:45:00,2017-02-09 06:55:00,12635
6952,2017-02-21 13:03:00,2017-02-22 13:03:00,12638
6952,2017-02-22 20:36:00,2017-02-24 00:04:00,12638
6972,2017-03-25 23:49:00,2017-03-26 23:49:00,12644
6972,2017-03-27 00:19:00,2017-03-28 00:19:00,12644
6972,2017-03-31 19:30:00,2017-04-04 16:55:00,12644
6975,2017-03-26 11:07:00,2017-03-28 09:55:00,12645
6975,2017-03-30 17:28:00,2017-03-31 22:54:00,12645
6975,2017-03-31 22:59:00,2017-04-05 08:37:00,12645
6975,2017-04-05 10:15:00,2017-04-08 08:47:00,12645
6982,2017-04-03 01:28:00,2017-04-04 01:28:00,12648
7022,2017-05-27 19:22:00,2017-05-28 23:05:00,12659
7034,2017-05-30 18:41:00,2017-06-03 19:21:00,12661
7034,2017-06-04 05:14:00,2017-06-05 05:14:00,12661
7034,2017-06-06 02:12:00,2017-06-07 02:12:00,12661
7075,2017-07-06 13:37:00,2017-07-07 13:37:00,12665
7075,2017-07-07 23:50:00,2017-07-10 00:00:00,12665
7075,2017-07-10 20:18:00,2017-07-11 20:18:00,12665
7075,2017-07-13 00:12:00,2017-07-19 22:36:00,12665
7107,2017-08-13 16:20:00,2017-08-15 12:20:00,12671
7107,2017-08-17 21:01:00,2017-08-20 07:45:00,12671
7107,2017-08-20 20:12:00,2017-08-24 01:19:00,12671
7107,2017-08-26 15:11:00,2017-08-27 15:11:00,12671
7110,2017-08-17 19:49:00,2017-08-21 03:05:00,12672
7110,2017-08-22 13:24:00,2017-08-23 19:10:00,12672
7110,2017-08-24 07:15:00,2017-08-25 07:15:00,12672
7110,2017-09-01 15:26:00,2017-09-02 21:56:00,12672
7115,2017-09-02 20:45:00,2017-09-10 15:35:00,12673
7122,2017-09-06 22:57:00,2017-09-07 22:57:00,12677
7131,2017-09-11 07:22:00,2017-09-12 19:03:00,12680
7148,2017-09-25 02:29:00,2017-09-27 00:50:00,12683
7148,2017-10-04 13:26:00,2017-10-05 13:26:00,12683
7169,2017-10-19 23:10:00,2017-10-20 23:10:00,12685
7237,2018-02-03 20:18:00,2018-02-04 20:18:00,12699
7237,2018-02-05 18:45:00,2018-02-07 14:35:00,12699
7237,2018-02-09 13:02:00,2018-02-10 13:02:00,12699
7237,2018-02-11 00:15:00,2018-02-12 00:15:00,12699
7240,2018-03-01 10:56:00,2018-03-02 10:56:00,12700
7246,2018-03-29 07:57:00,2018-03-30 07:57:00,12703
7262,2018-05-22 18:03:00,2018-05-23 18:03:00,12712
7262,2018-05-27 17:04:00,2018-05-28 17:04:00,12712
7262,2018-06-05 10:44:00,2018-06-06 10:44:00,12712
7275,2018-06-20 01:09:00,2018-06-21 01:09:00,12715
7331,2019-01-05 10:31:00,2019-01-06 10:31:00,12732
7334,2019-01-25 13:12:00,2019-01-26 13:12:00,12733
7334,2019-01-28 10:21:00,2019-01-30 11:16:00,12733
7348,2019-03-07 03:07:00,2019-03-08 03:07:00,12734
7350,2019-03-19 10:35:00,2019-03-22 20:16:00,12736
7357,2019-05-02 22:49:00,2019-05-04 22:28:00,12740
7357,2019-05-05 05:04:00,2019-05-07 11:52:00,12740
7357,2019-05-08 05:40:00,2019-05-09 05:40:00,12740
7358,2019-05-14 19:15:00,2019-05-15 19:15:00,12741
7436,2020-08-07 03:42:00,2020-08-08 03:42:00,12770
7436,2020-08-14 06:32:00,2020-08-15 06:32:00,12770
7450,2020-09-24 23:59:00,2020-09-25 23:59:00,12773
7453,2020-10-15 12:46:00,2020-10-16 14:57:00,12774
7468,2020-11-03 04:32:00,2020-11-08 05:13:00,12781
7468,2020-11-09 19:36:00,2020-11-10 19:36:00,12781
7470,2020-11-10 18:36:00,2020-11-12 03:58:00,12782
7472,2020-11-19 16:44:00,2020-11-20 16:44:00,12783
7484,2020-11-30 07:13:00,2020-12-01 07:13:00,12787
7493,2020-11-30 04:08:00,2020-12-01 04:08:00,12790
7493,2020-12-02 09:55:00,2020-12-03 23:46:00,12790
7493,2020-12-04 00:16:00,2020-12-06 13:18:00,12790
7493,2020-12-06 15:46:00,2020-12-07 15:46:00,12790
7502,2020-12-13 14:09:00,2020-12-14 14:09:00,12792
7549,2021-02-26 17:51:00,2021-02-28 06:40:00,12804
7552,2021-03-01 23:53:00,2021-03-02 23:53:00,12807
7552,2021-12-17 17:27:00,2021-12-18 17:27:00,12807
7555,2021-03-08 12:15:00,2021-03-09 12:15:00,12808
7569,2021-04-19 11:51:00,2021-04-20 11:51:00,12814
7570,2021-04-18 23:19:00,2021-04-19 23:19:00,12816
7570,2021-04-21 04:10:00,2021-04-23 06:14:00,12816
7570,2021-04-24 01:17:00,2021-04-25 01:17:00,12816
7570,2021-04-25 02:22:00,2021-04-26 02:22:00,12816
7572,2021-04-20 01:18:00,2021-04-21 01:18:00,12817
7572,2021-04-21 05:50:00,2021-04-23 23:08:00,12817
7581,2021-05-06 18:43:00,2021-05-09 14:20:00,12822
7581,2021-05-11 09:15:00,2021-05-12 09:15:00,12822
7590,2021-05-17 01:58:00,2021-05-18 01:58:00,12824
7590,2021-05-20 19:15:00,2021-05-23 17:00:00,12824
7590,2021-05-25 18:22:00,2021-05-26 18:22:00,12824
7590,2021-05-26 21:44:00,2021-05-28 22:19:00,12824
7598,2021-05-25 07:51:00,2021-05-27 03:07:00,12826
7598,2021-05-27 09:47:00,2021-05-29 05:39:00,12826
7599,2021-05-31 04:27:00,2021-06-01 04:27:00,12827
7609,2021-06-08 08:44:00,2021-06-09 08:44:00,12831
7618,2021-06-24 13:45:00,2021-06-25 13:45:00,12833
7633,2021-06-27 18:56:00,2021-06-28 18:56:00,12835
7633,2021-06-29 17:23:00,2021-06-30 18:09:00,12835
7633,2021-07-03 17:57:00,2021-07-04 17:57:00,12835
7633,2021-07-04 18:09:00,2021-07-05 18:09:00,12835
7633,2021-07-05 19:06:00,2021-07-06 21:44:00,12835
7638,2021-06-27 09:15:00,2021-06-28 09:15:00,12836
7638,2021-07-04 18:37:00,2021-07-05 18:37:00,12836
7652,2021-07-02 02:14:00,2021-07-04 05:01:00,12838
7653,2021-07-03 07:52:00,2021-07-04 07:52:00,12839
7655,2021-07-08 07:30:00,2021-07-09 17:15:00,12840
7665,2021-07-15 07:14:00,2021-07-16 08:27:00,12843
7670,2021-07-20 19:47:00,2021-07-21 19:47:00,12845
7675,2021-07-20 15:55:00,2021-07-21 15:55:00,12849
7675,2021-07-22 23:54:00,2021-07-24 01:58:00,12849
7694,2021-08-07 23:46:00,2021-08-08 23:46:00,12853
7694,2021-08-12 20:59:00,2021-08-13 20:59:00,12853
7711,2021-08-19 15:45:00,2021-08-20 21:30:00,12859
7711,2021-08-21 00:43:00,2021-08-22 10:16:00,12859
7711,2021-08-23 14:38:00,2021-08-24 14:38:00,12859
7711,2021-08-25 17:48:00,2021-08-26 17:48:00,12859
7716,2021-08-24 01:16:00,2021-08-25 01:16:00,12860
7716,2021-08-25 18:57:00,2021-08-30 21:26:00,12860
7716,2021-08-31 08:44:00,2021-09-01 13:20:00,12860
7716,2021-09-01 20:31:00,2021-09-02 20:31:00,12860
7720,2021-08-26 15:04:00,2021-08-27 15:04:00,12862
7747,2021-09-20 08:53:00,2021-09-21 11:43:00,12873
7747,2021-09-25 06:25:00,2021-09-26 06:25:00,12873
7753,2021-09-28 14:15:00,2021-09-30 12:43:00,12877
7753,2021-10-01 22:23:00,2021-10-03 07:07:00,12877
7760,2021-09-28 02:08:00,2021-09-29 02:08:00,12880
7770,2021-10-06 02:35:00,2021-10-07 02:35:00,12882
7770,2021-10-07 11:01:00,2021-10-09 22:42:00,12882
7798,2021-10-25 00:12:00,2021-10-29 13:20:00,12887
7798,2021-10-29 21:22:00,2021-11-02 12:55:00,12887
7798,2021-11-02 20:56:00,2021-11-04 12:25:00,12887
7803,2021-10-25 01:43:00,2021-10-26 04:27:00,12889
7803,2021-10-26 11:49:00,2021-10-27 12:11:00,12889
7807,2021-10-25 09:43:00,2021-10-31 06:53:00,12891
7807,2021-10-31 20:35:00,2021-11-02 07:37:00,12891
7807,2021-11-04 15:21:00,2021-11-05 15:21:00,12891
7807,2021-11-08 15:47:00,2021-11-09 15:47:00,12891
7821,2021-11-03 10:34:00,2021-11-04 14:41:00,12894
7821,2021-11-04 21:36:00,2021-11-06 12:29:00,12894
7821,2021-11-12 08:33:00,2021-11-13 08:33:00,12894
7825,2021-11-07 07:29:00,2021-11-08 09:14:00,12895
7857,2021-12-05 06:16:00,2021-12-06 06:50:00,12902
7873,2021-12-13 21:55:00,2021-12-14 21:55:00,12906
7878,2021-12-15 13:34:00,2021-12-17 17:39:00,12911
7881,2021-12-26 00:27:00,2021-12-27 00:27:00,12915
7890,2021-12-20 07:43:00,2021-12-21 15:44:00,12916
7890,2021-12-22 12:41:00,2021-12-23 12:41:00,12916
7890,2021-12-24 01:26:00,2021-12-25 01:26:00,12916
7890,2021-12-28 04:18:00,2021-12-29 04:18:00,12916
7888,2021-12-22 13:16:00,2021-12-24 03:25:00,12917
7888,2021-12-24 07:13:00,2021-12-25 15:47:00,12917
7888,2021-12-26 04:06:00,2021-12-27 09:45:00,12917
7891,2021-12-21 20:42:00,2021-12-22 20:42:00,12918
7891,2021-12-24 00:39:00,2021-12-26 04:32:00,12918
7891,2021-12-26 19:37:00,2021-12-28 15:59:00,12918
7891,2021-12-31 07:07:00,2022-01-02 00:01:00,12918
7917,2022-01-05 22:39:00,2022-01-07 22:01:00,12924
7917,2022-01-13 14:16:00,2022-01-14 14:16:00,12924
7917,2022-01-14 18:31:00,2022-01-15 18:31:00,12924
7918,2022-01-13 13:07:00,2022-01-14 13:07:00,12925
7934,2022-01-15 17:42:00,2022-01-16 19:21:00,12929
7934,2022-01-17 07:24:00,2022-01-18 17:01:00,12929
7934,2022-01-18 23:50:00,2022-01-20 05:41:00,12929
7922,2022-01-15 04:56:00,2022-01-16 04:56:00,12930
7922,2022-01-16 13:48:00,2022-01-17 15:09:00,12930
7922,2022-01-17 19:48:00,2022-01-18 19:48:00,12930
7937,2022-01-13 19:25:00,2022-01-15 23:22:00,12932
7967,2022-01-24 05:34:00,2022-01-25 05:34:00,12935
7978,2022-01-29 07:12:00,2022-02-03 13:44:00,12940
7978,2022-02-09 01:57:00,2022-02-10 06:23:00,12940
7978,2022-02-10 12:41:00,2022-02-13 00:48:00,12940
7983,2022-02-03 02:37:00,2022-02-04 02:37:00,12941
7983,2022-02-04 22:07:00,2022-02-05 23:44:00,12941
7983,2022-02-06 08:21:00,2022-02-07 22:57:00,12941
7983,2022-02-08 18:53:00,2022-02-10 04:22:00,12941
7983,2022-02-12 01:43:00,2022-02-14 17:02:00,12941
7983,2022-02-14 17:54:00,2022-02-15 17:54:00,12941
7983,2022-02-16 05:56:00,2022-02-17 05:56:00,12941
7991,2022-02-14 05:12:00,2022-02-15 14:19:00,12943
8014,2022-02-15 23:23:00,2022-02-17 20:40:00,12950
8043,2022-03-01 11:33:00,2022-03-02 17:31:00,12958
8043,2022-03-02 21:44:00,2022-03-03 21:44:00,12958
8050,2022-03-02 21:02:00,2022-03-04 06:22:00,12960
8050,2022-03-04 22:02:00,2022-03-05 22:02:00,12960
8051,2022-03-04 15:34:00,2022-03-06 09:59:00,12962
8051,2022-03-11 15:09:00,2022-03-13 03:12:00,12962
8064,2022-03-08 07:49:00,2022-03-09 12:42:00,12965
8064,2022-03-10 13:30:00,2022-03-12 05:18:00,12965
8064,2022-03-13 01:22:00,2022-03-15 23:20:00,12965
8064,2022-03-16 01:36:00,2022-03-17 19:06:00,12965
8064,2022-03-18 03:49:00,2022-03-19 20:59:00,12965
8078,2022-03-19 07:30:00,2022-03-20 07:30:00,12971
8082,2022-03-21 01:26:00,2022-03-22 01:26:00,12972
8086,2022-03-21 10:57:00,2022-03-23 13:46:00,12974
8086,2022-03-23 21:03:00,2022-03-25 05:02:00,12974
8086,2022-03-28 01:48:00,2022-03-29 01:48:00,12974
8093,2022-04-03 10:37:00,2022-04-04 10:37:00,12979
8113,2022-04-03 20:52:00,2022-04-04 20:52:00,12982
8115,2022-04-07 11:10:00,2022-04-08 17:19:00,12983
8115,2022-04-11 09:50:00,2022-04-12 17:53:00,12983
8123,2022-04-04 22:31:00,2022-04-05 22:31:00,12985
8123,2022-04-06 01:16:00,2022-04-07 01:16:00,12985
8150,2022-04-25 16:16:00,2022-04-26 16:16:00,12991
8167,2022-04-29 04:04:00,2022-04-30 11:14:00,12997
8182,2022-04-25 12:30:00,2022-04-27 10:48:00,13001
8182,2022-04-28 09:29:00,2022-04-29 09:29:00,13001
8195,2022-05-02 07:24:00,2022-05-09 00:59:00,13004
8206,2022-05-03 19:40:00,2022-05-07 07:34:00,13006
8206,2022-05-08 17:56:00,2022-05-12 21:51:00,13006
8206,2022-05-13 12:14:00,2022-05-14 19:23:00,13006
8229,2022-05-11 02:10:00,2022-05-12 18:02:00,13010
8229,2022-05-13 20:04:00,2022-05-14 22:28:00,13010
8229,2022-05-16 10:57:00,2022-05-17 11:26:00,13010
8229,2022-05-18 19:00:00,2022-05-19 19:00:00,13010
8229,2022-05-20 13:29:00,2022-05-21 18:59:00,13010
8229,2022-05-23 11:50:00,2022-05-24 11:50:00,13010
8240,2022-05-24 18:09:00,2022-05-25 18:09:00,13016
8245,2022-05-19 22:03:00,2022-05-20 22:03:00,13019
8245,2022-05-22 00:25:00,2022-05-23 00:25:00,13019
8245,2022-05-24 04:52:00,2022-05-25 16:22:00,13019
8245,2022-05-29 02:04:00,2022-05-30 02:04:00,13019
8253,2022-05-26 11:10:00,2022-05-27 11:51:00,13021
8253,2022-05-27 18:53:00,2022-05-28 18:53:00,13021
8263,2022-05-23 22:03:00,2022-05-24 22:03:00,13023
8263,2022-05-26 15:30:00,2022-05-27 15:30:00,13023
8264,2022-05-26 00:31:00,2022-05-27 19:26:00,13024
8288,2022-06-04 11:32:00,2022-06-05 12:05:00,13029
8288,2022-06-08 03:31:00,2022-06-09 08:53:00,13029
8326,2022-06-19 22:02:00,2022-06-20 23:41:00,13034
8326,2022-06-22 08:49:00,2022-06-23 08:49:00,13034
8325,2022-06-17 00:11:00,2022-06-18 00:11:00,13035
8325,2022-06-23 18:37:00,2022-06-24 18:37:00,13035
8330,2022-06-13 15:56:00,2022-06-15 04:32:00,13036
8334,2022-06-18 07:10:00,2022-06-24 08:49:00,13038
8334,2022-06-25 03:10:00,2022-06-26 03:10:00,13038
8349,2022-06-21 05:02:00,2022-06-22 09:06:00,13040
8349,2022-06-24 13:52:00,2022-06-26 08:00:00,13040
8349,2022-06-26 18:24:00,2022-06-27 18:24:00,13040
8349,2022-07-02 19:32:00,2022-07-03 19:32:00,13040
8381,2022-07-07 14:04:00,2022-07-10 09:16:00,13051
8402,2022-07-06 01:16:00,2022-07-09 10:56:00,13055
8402,2022-07-10 08:32:00,2022-07-11 20:29:00,13055
8402,2022-07-11 22:34:00,2022-07-13 16:12:00,13055
8402,2022-07-15 15:33:00,2022-07-16 15:33:00,13055
8402,2022-07-16 17:20:00,2022-07-17 17:20:00,13055
8417,2022-07-09 11:49:00,2022-07-17 21:30:00,13056
8417,2022-07-18 22:50:00,2022-07-22 07:45:00,13056
8421,2022-07-11 11:47:00,2022-07-13 07:17:00,13057
8421,2022-07-14 23:01:00,2022-07-16 06:16:00,13057
8421,2022-07-16 11:52:00,2022-07-17 11:52:00,13057
8421,2022-07-17 13:57:00,2022-07-18 15:59:00,13057
8421,2022-07-18 17:13:00,2022-07-19 17:13:00,13057
8421,2022-07-20 00:38:00,2022-07-21 19:49:00,13057
8421,2022-07-22 07:57:00,2022-07-24 06:25:00,13057
8440,2022-07-15 13:04:00,2022-07-16 13:34:00,13059
8419,2022-07-18 04:24:00,2022-07-19 04:24:00,13061
8449,2022-07-19 23:01:00,2022-07-20 23:01:00,13062
8460,2022-08-01 15:15:00,2022-08-02 17:11:00,13066
8470,2022-07-28 04:29:00,2022-07-29 04:29:00,13068
8470,2022-08-02 02:39:00,2022-08-03 16:54:00,13068
8470,2022-08-04 00:43:00,2022-08-05 09:50:00,13068
8470,2022-08-06 22:53:00,2022-08-07 22:53:00,13068
8483,2022-08-06 22:29:00,2022-08-07 22:29:00,13072
8484,2022-08-04 05:56:00,2022-08-05 05:56:00,13073
8516,2022-08-13 04:43:00,2022-08-15 09:00:00,13081
8516,2022-08-17 04:35:00,2022-08-19 22:30:00,13081
8516,2022-08-20 04:48:00,2022-08-21 04:48:00,13081
8526,2022-08-16 05:30:00,2022-08-17 21:15:00,13082
8524,2022-08-21 17:28:00,2022-08-22 17:28:00,13084
8539,2022-08-20 20:07:00,2022-08-22 20:43:00,13085
8540,2022-08-22 02:00:00,2022-08-23 02:00:00,13086
8540,2022-08-26 07:47:00,2022-08-27 07:47:00,13086
8540,2022-08-31 09:46:00,2022-09-01 12:15:00,13086
8528,2022-08-24 06:59:00,2022-08-30 18:04:00,13088
8546,2022-08-24 03:54:00,2022-08-26 22:32:00,13089
8546,2022-08-27 06:50:00,2022-08-28 06:50:00,13089
8546,2022-08-29 08:19:00,2022-09-06 21:22:00,13089
8558,2022-09-01 19:57:00,2022-09-02 19:57:00,13093
8558,2022-09-03 07:35:00,2022-09-04 07:35:00,13093
8589,2022-09-09 01:59:00,2022-09-11 05:17:00,13100
8589,2022-09-13 05:15:00,2022-09-14 05:15:00,13100
8589,2022-09-14 19:12:00,2022-09-15 19:12:00,13100
8589,2022-09-16 01:35:00,2022-09-18 17:23:00,13100
8598,2022-09-10 18:04:00,2022-09-13 12:31:00,13101
8602,2022-09-12 03:46:00,2022-09-14 12:06:00,13102
8602,2022-09-15 22:59:00,2022-09-17 05:09:00,13102
8602,2022-09-17 10:45:00,2022-09-21 05:12:00,13102
8602,2022-09-24 02:51:00,2022-09-25 20:54:00,13102
8599,2022-09-15 01:00:00,2022-09-16 04:21:00,13103
8623,2022-09-21 03:52:00,2022-09-23 23:23:00,13109
8629,2022-09-29 22:37:00,2022-10-01 17:58:00,13111
